Time,Time_ms,Motor_speed_rpm,BLDC_Q_curent_for_monitoring,Filtered_Q_current_A,BLDC_Ph_A_amps_abs_A,BLDC_Ph_B_amps_abs_A,BLDC_Ph_C_amps_abs_A,Purge_pressure_mHg,ivp_purge_temperature_C,Purge_add_flow_rate_mlph,Purge_add_speed_rpm,Purge_circulate_flow_rate_mlph,Purge_circulate_speed_rpm,BLDC_watts_W,Flow_Original_lpm,Input_pressure_mmHg,Output_pressure_mmHg,Net_pressure_mmHg,Flow_lpm,Flow_from_M01_lpm,aortic_Pressure_mmHg,DC_Valve,Input_pressure_from_M04_mmHg,Output_pressure_from_M04_mmHg,Net_pressure_from_M04_mmHg,Bldc_Kp,Bldc_Ki
,,,,,,,,,,,,,,,,,,,,,,,,,,,
Fri_Mar_17_2023,9063.0,0.0,0.0,-3.544409e-05,0.01513465,0.01526925,0.01474515,192.4,23.0,20.0,9.621398,800.0,103.1779,0.5981391,1.45629931640625,-5.4154332,-17.701416,-11.5859828,1.45629931640625,1.3321020348009207,-2.6000000000000005,0.1,3.3000000000000003,-8.6,-11.200000000000001,0.0012,0.024
Fri_Mar_17_2023,891.0,0.0,0.0,2.316345e-05,0.01526457,0.0151478,0.01514888,49.3,23.0,20.0,9.621398,800.0,103.1779,0.8950171,0.03355127716064453,-2.0176614,-2.925234,-0.2075726,0.013742377160644529,-0.0017277588004097186,-2.6000000000000005,0.0,8.200000000000001,7.1000000000000005,-0.4000000000000006,0.0012,0.024
Fri_Mar_17_2023,16277.0,0.0,0.0,3.216491e-05,0.01495988,0.01495533,0.01521371,189.7,23.0,20.0,9.621398,800.0,103.1779,0.8743354,2.909117919921875,-21.0841866,-58.57968600000001,-36.79549940000001,3.06152946566358,2.913001336799383,-2.6000000000000005,0.2,-11.100000000000001,-49.1,-37.3,0.0012,0.024
Fri_Mar_17_2023,9063.0,0.0,0.0,-3.544409e-05,0.01513465,0.01526925,0.01474515,192.4,23.0,20.0,9.621398,800.0,103.1779,0.5981391,1.45629931640625,-5.4154332,-17.701416,-11.5859828,1.45629931640625,1.3321020348009207,-2.6000000000000005,0.1,3.3000000000000003,-8.6,-11.200000000000001,0.0012,0.024
Fri_Mar_17_2023,22738.0,0.0,0.0,5.19622e-05,0.01512165,0.01510631,0.01520877,97.2,23.0,20.0,9.621398,800.0,103.1779,0.6390849,3.6669970703125,-32.440095,-88.957116,-55.80952039999999,3.8895412108734844,3.5557276103996895,-2.6000000000000005,0.30000000000000004,-22.5,-81.5,-58.8,0.0012,0.024
Fri_Mar_17_2023,16277.0,0.0,0.0,3.216491e-05,0.01495988,0.01495533,0.01521371,189.7,23.0,20.0,9.621398,800.0,103.1779,0.8743354,2.909117919921875,-21.0841866,-58.57968600000001,-36.79549940000001,3.06152946566358,2.913001336799383,-2.6000000000000005,0.2,-11.100000000000001,-49.1,-37.3,0.0012,0.024
Fri_Mar_17_2023,23492.0,0.0,0.0,5.19622e-05,0.01512165,0.01510631,0.01520877,97.2,23.0,20.0,9.621398,800.0,103.1779,0.6390849,3.637045654296875,-32.5601046,-89.10712800000002,-55.88452640000001,3.8568181517501094,3.740597802000509,-2.6000000000000005,0.4,-22.400000000000002,-81.80000000000001,-57.50000000000001,0.0012,0.024
Fri_Mar_17_2023,22738.0,0.0,0.0,5.19622e-05,0.01512165,0.01510631,0.01520877,97.2,23.0,20.0,9.621398,800.0,103.1779,0.6390849,3.6669970703125,-32.440095,-88.957116,-55.80952039999999,3.8895412108734844,3.5557276103996895,-2.6000000000000005,0.30000000000000004,-22.5,-81.5,-58.8,0.0012,0.024
Fri_Mar_17_2023,29984.0,0.0,0.0,5.635939e-05,0.01540716,0.01509819,0.01532118,170.9,22.9,20.0,9.621398,800.0,103.1779,0.9462339,4.1119990234375,-41.365809,-114.53416200000001,-72.46835300000001,4.375722739470666,4.137982325999484,-2.6000000000000005,0.5,-32.1,-107.9,-75.10000000000001,0.0012,0.024
Fri_Mar_17_2023,23492.0,0.0,0.0,5.19622e-05,0.01512165,0.01510631,0.01520877,97.2,23.0,20.0,9.621398,800.0,103.1779,0.6390849,3.637045654296875,-32.5601046,-89.10712800000002,-55.88452640000001,3.8568181517501094,3.740597802000509,-2.6000000000000005,0.4,-22.400000000000002,-81.80000000000001,-57.50000000000001,0.0012,0.024
Fri_Mar_17_2023,37222.0,0.0,0.0,-3.542926e-05,0.01531914,0.01509032,0.0149949,241.0,22.9,20.0,9.621398,800.0,103.1779,0.3403652,4.23551025390625,-42.400891800000004,-117.30938400000001,-74.20849220000001,4.510663447947395,4.127615773200099,-2.6000000000000005,0.6,-32.4,-108.80000000000001,-75.7,0.0012,0.024
Fri_Mar_17_2023,29984.0,0.0,0.0,5.635939e-05,0.01540716,0.01509819,0.01532118,170.9,22.9,20.0,9.621398,800.0,103.1779,0.9462339,4.1119990234375,-41.365809,-114.53416200000001,-72.46835300000001,4.375722739470666,4.137982325999484,-2.6000000000000005,0.5,-32.1,-107.9,-75.10000000000001,0.0012,0.024
Fri_Mar_17_2023,41851.0,0.0,0.0,2.316871e-05,0.0156855,0.01521429,0.01531432,179.10000000000002,22.9,20.0,9.621398,800.0,103.1779,0.6883174,4.20414892578125,-42.7234176,-119.18453400000001,-75.7836182,4.476400006316235,4.084421803200611,-2.6000000000000005,0.7,-33.2,-111.7,-77.8,0.0012,0.024
Fri_Mar_17_2023,37222.0,0.0,0.0,-3.542926e-05,0.01531914,0.01509032,0.0149949,241.0,22.9,20.0,9.621398,800.0,103.1779,0.3403652,4.23551025390625,-42.400891800000004,-117.30938400000001,-74.20849220000001,4.510663447947395,4.127615773200099,-2.6000000000000005,0.6,-32.4,-108.80000000000001,-75.7,0.0012,0.024
Fri_Mar_17_2023,44477.0,2982.692,0.9,-2.949858e-05,0.1738422,0.198241,0.2241826,204.3,22.9,20.0,9.621398,800.0,103.1779,0.7862247,4.44158447265625,-44.6810742,-106.65853200000001,-61.27745780000001,4.735807355682563,4.457617703999996,-2.6000000000000005,0.7,-37.6,-92.5,-54.199999999999996,0.0012,0.024
Fri_Mar_17_2023,41851.0,0.0,0.0,2.316871e-05,0.0156855,0.01521429,0.01531432,179.10000000000002,22.9,20.0,9.621398,800.0,103.1779,0.6883174,4.20414892578125,-42.7234176,-119.18453400000001,-75.7836182,4.476400006316235,4.084421803200611,-2.6000000000000005,0.7,-33.2,-111.7,-77.8,0.0012,0.024
Fri_Mar_17_2023,50984.0,20000.12,0.9172361,0.9213692,0.674923,0.7010403,0.6932135,109.10000000000001,22.9,20.0,9.621398,800.0,103.1779,9.544478,0.0512401008605957,-1.6276302,81.306504,83.6341342,0.0314312008605957,0.04146621120061455,-2.6000000000000005,0.000840762,7.800000000000001,89.60000000000001,82.50000000000001,0.0012,0.024
Fri_Mar_17_2023,44477.0,2982.692,0.9,-2.949858e-05,0.1738422,0.198241,0.2241826,204.3,22.9,20.0,9.621398,800.0,103.1779,0.7862247,4.44158447265625,-44.6810742,-106.65853200000001,-61.27745780000001,4.735807355682563,4.457617703999996,-2.6000000000000005,0.7,-37.6,-92.5,-54.199999999999996,0.0012,0.024
Fri_Mar_17_2023,57024.0,20002.84,0.8782786,0.8807374,0.6144688,0.6360837,0.6326784,172.50000000000003,22.9,20.0,9.621398,800.0,103.1779,9.24684,0.04426118469238281,-1.6951356000000002,81.831546,84.2341822,0.024452284692382812,0.06219931679938537,-2.6000000000000005,0.003218794,6.9,89.7,83.5,0.0012,0.024
Fri_Mar_17_2023,50984.0,20000.12,0.9172361,0.9213692,0.674923,0.7010403,0.6932135,109.10000000000001,22.9,20.0,9.621398,800.0,103.1779,9.544478,0.0512401008605957,-1.6276302,81.306504,83.6341342,0.0314312008605957,0.04146621120061455,-2.6000000000000005,0.000840762,7.800000000000001,89.60000000000001,82.50000000000001,0.0012,0.024
Fri_Mar_17_2023,58886.0,20002.77,0.8707797,0.8647028,0.6088845,0.6271838,0.623464,201.2,22.9,20.0,9.621398,800.0,103.1779,9.133207,0.0421183967590332,-1.6351308,81.75654,84.0916708,0.0223094967590332,0.057016040399692665,-2.6000000000000005,0.00758752,8.1,90.60000000000001,83.20000000000002,0.0012,0.024
Fri_Mar_17_2023,57024.0,20002.84,0.8782786,0.8807374,0.6144688,0.6360837,0.6326784,172.50000000000003,22.9,20.0,9.621398,800.0,103.1779,9.24684,0.04426118469238281,-1.6951356000000002,81.831546,84.2341822,0.024452284692382812,0.06219931679938537,-2.6000000000000005,0.003218794,6.9,89.7,83.5,0.0012,0.024
Fri_Mar_17_2023,63087.0,20001.85,0.8636399,0.8655212,0.5996323,0.6216835,0.615913,151.1,22.9,20.0,9.621398,800.0,103.1779,9.086326,0.041580894470214846,-1.8826506,82.28158200000001,84.86423260000002,0.021771994470214846,0.013822070400204849,-2.6000000000000005,0.014313612,6.9,91.80000000000001,85.20000000000002,0.0012,0.024
Fri_Mar_17_2023,58886.0,20002.77,0.8707797,0.8647028,0.6088845,0.6271838,0.623464,201.2,22.9,20.0,9.621398,800.0,103.1779,9.133207,0.0421183967590332,-1.6351308,81.75654,84.0916708,0.0223094967590332,0.057016040399692665,-2.6000000000000005,0.00758752,8.1,90.60000000000001,83.20000000000002,0.0012,0.024
Fri_Mar_17_2023,64992.0,20000.84,0.8545988,0.8551927,0.587572,0.6140361,0.6102101,107.2,22.9,20.0,9.621398,800.0,103.1779,8.84552,0.04343610382080078,-1.7776422000000003,82.056564,84.5342062,0.023627203820800777,0.013822070400204849,-2.6000000000000005,0.023713612,8.1,90.80000000000003,83.40000000000003,0.0012,0.024
Fri_Mar_17_2023,63087.0,20001.85,0.8636399,0.8655212,0.5996323,0.6216835,0.615913,151.1,22.9,20.0,9.621398,800.0,103.1779,9.086326,0.041580894470214846,-1.8826506,82.28158200000001,84.86423260000002,0.021771994470214846,0.013822070400204849,-2.6000000000000005,0.014313612,6.9,91.80000000000001,85.20000000000002,0.0012,0.024
Fri_Mar_17_2023,69211.0,20001.28,0.8464566,0.8454958,0.5875424,0.6142192,0.5989552,184.0,22.9,20.0,9.621398,800.0,103.1779,8.720526,0.10937889099121094,-1.8451476,81.831546,84.37669360000001,0.08956999099121093,0.11230432199897561,-2.6000000000000005,0.036070233,8.700000000000001,90.60000000000001,82.60000000000001,0.0012,0.024
Fri_Mar_17_2023,64992.0,20000.84,0.8545988,0.8551927,0.587572,0.6140361,0.6102101,107.2,22.9,20.0,9.621398,800.0,103.1779,8.84552,0.04343610382080078,-1.7776422000000003,82.056564,84.5342062,0.023627203820800777,0.013822070400204849,-2.6000000000000005,0.023713612,8.1,90.80000000000003,83.40000000000003,0.0012,0.024
Fri_Mar_17_2023,71169.0,20001.68,0.8390588,0.8371909,0.5881768,0.608524,0.5978699,167.0,22.9,20.0,9.621398,800.0,103.1779,8.081206,0.5014919738769531,-2.0851668,78.68129400000001,81.46646080000001,0.4816830738769531,0.48204470520061415,-2.6000000000000005,0.051641355,8.0,86.60000000000001,79.30000000000001,0.0012,0.024
Fri_Mar_17_2023,69211.0,20001.28,0.8464566,0.8454958,0.5875424,0.6142192,0.5989552,184.0,22.9,20.0,9.621398,800.0,103.1779,8.720526,0.10937889099121094,-1.8451476,81.831546,84.37669360000001,0.08956999099121093,0.11230432199897561,-2.6000000000000005,0.036070233,8.700000000000001,90.60000000000001,82.60000000000001,0.0012,0.024
Fri_Mar_17_2023,75433.0,19999.92,0.8124481,0.8126421,0.5622735,0.5857029,0.5786588,232.0,22.9,20.0,9.621398,800.0,103.1779,8.76866,0.9724313354492188,-2.9102328,70.205616,73.81584880000001,0.9724313354492188,1.0850325264007161,-2.6000000000000005,0.070665617,5.0,77.7,73.5,0.0012,0.024
Fri_Mar_17_2023,71169.0,20001.68,0.8390588,0.8371909,0.5881768,0.608524,0.5978699,167.0,22.9,20.0,9.621398,800.0,103.1779,8.081206,0.5014919738769531,-2.0851668,78.68129400000001,81.46646080000001,0.4816830738769531,0.48204470520061415,-2.6000000000000005,0.051641355,8.0,86.60000000000001,79.30000000000001,0.0012,0.024
Fri_Mar_17_2023,77435.0,20000.11,0.7983487,0.8015834,0.5524656,0.577899,0.5693861,132.4,22.9,20.0,9.621398,800.0,103.1779,7.652551,1.483239501953125,-4.7928834,59.254740000000005,64.74762340000001,1.483239501953125,1.4996946384007157,-2.6000000000000005,0.093366179,2.0,65.60000000000001,64.30000000000001,0.0012,0.024
Fri_Mar_17_2023,75433.0,19999.92,0.8124481,0.8126421,0.5622735,0.5857029,0.5786588,232.0,22.9,20.0,9.621398,800.0,103.1779,8.76866,0.9724313354492188,-2.9102328,70.205616,73.81584880000001,0.9724313354492188,1.0850325264007161,-2.6000000000000005,0.070665617,5.0,77.7,73.5,0.0012,0.024
Fri_Mar_17_2023,81748.0,19999.01,0.7766244,0.7766798,0.5418033,0.5597469,0.5490377,228.3,22.9,20.0,9.621398,800.0,103.1779,8.20142,2.132345947265625,-11.6034282,38.103048,50.4064762,2.2128765948493663,2.0249333136008176,-2.6000000000000005,0.119953394,-3.5,47.0,51.2,0.0012,0.024
Fri_Mar_17_2023,77435.0,20000.11,0.7983487,0.8015834,0.5524656,0.577899,0.5693861,132.4,22.9,20.0,9.621398,800.0,103.1779,7.652551,1.483239501953125,-4.7928834,59.254740000000005,64.74762340000001,1.483239501953125,1.4996946384007157,-2.6000000000000005,0.093366179,2.0,65.60000000000001,64.30000000000001,0.0012,0.024
Fri_Mar_17_2023,83766.0,20003.24,0.7582592,0.7525036,0.5325104,0.5522694,0.5452687,243.3,22.9,20.0,9.621398,800.0,103.1779,7.408458,2.607650146484375,-15.2787222,27.527202000000003,43.50592420000001,2.7321644777497816,2.4931559483996906,-2.6000000000000005,0.150626791,-12.600000000000001,29.900000000000002,43.2,0.0012,0.024
Fri_Mar_17_2023,81748.0,19999.01,0.7766244,0.7766798,0.5418033,0.5597469,0.5490377,228.3,22.9,20.0,9.621398,800.0,103.1779,8.20142,2.132345947265625,-11.6034282,38.103048,50.4064762,2.2128765948493663,2.0249333136008176,-2.6000000000000005,0.119953394,-3.5,47.0,51.2,0.0012,0.024
Fri_Mar_17_2023,89147.0,19999.62,0.7373122,0.7345767,0.5106817,0.5366778,0.5271051,354.5,22.9,20.0,9.621398,800.0,103.1779,7.620656,3.28201220703125,-26.5071204,2.6252100000000005,29.8323304,3.468930631521086,3.1790761920010215,-2.6000000000000005,0.185576593,-15.5,13.100000000000001,29.3,0.0012,0.024
Fri_Mar_17_2023,83766.0,20003.24,0.7582592,0.7525036,0.5325104,0.5522694,0.5452687,243.3,22.9,20.0,9.621398,800.0,103.1779,7.408458,2.607650146484375,-15.2787222,27.527202000000003,43.50592420000001,2.7321644777497816,2.4931559483996906,-2.6000000000000005,0.150626791,-12.600000000000001,29.900000000000002,43.2,0.0012,0.024
Fri_Mar_17_2023,90199.0,20003.02,0.7367532,0.7318161,0.5086641,0.5312885,0.5203297,400.80000000000007,22.9,20.0,9.621398,800.0,103.1779,7.620868,3.2819697265625,-26.717137200000003,2.0251620000000004,29.442299200000004,3.468884219996176,3.24473102639969,-2.6000000000000005,0.224984909,-17.5,10.5,28.7,0.0012,0.024
Fri_Mar_17_2023,89147.0,19999.62,0.7373122,0.7345767,0.5106817,0.5366778,0.5271051,354.5,22.9,20.0,9.621398,800.0,103.1779,7.620656,3.28201220703125,-26.5071204,2.6252100000000005,29.8323304,3.468930631521086,3.1790761920010215,-2.6000000000000005,0.185576593,-15.5,13.100000000000001,29.3,0.0012,0.024
Fri_Mar_17_2023,95896.0,20000.04,0.7069669,0.7091179,0.488627,0.511633,0.5068256,284.50000000000006,23.0,20.0,9.621398,800.0,103.1779,7.425728,4.064840576171875,-41.62833,-28.427274,13.676038000000005,4.324200345429777,3.946201099200099,-2.6000000000000005,0.269026693,-32.1,-20.5,12.3,0.0012,0.024
Fri_Mar_17_2023,90199.0,20003.02,0.7367532,0.7318161,0.5086641,0.5312885,0.5203297,400.80000000000007,22.9,20.0,9.621398,800.0,103.1779,7.620868,3.2819697265625,-26.717137200000003,2.0251620000000004,29.442299200000004,3.468884219996176,3.24473102639969,-2.6000000000000005,0.224984909,-17.5,10.5,28.7,0.0012,0.024
Fri_Mar_17_2023,96752.0,19999.98,0.7070214,0.710194,0.490703,0.5033162,0.5084616,314.6,23.0,20.0,9.621398,800.0,103.1779,6.858272,4.046220458984375,-41.4933192,-28.202256000000002,14.0210656,4.303857160476756,3.9790285164002017,-2.6000000000000005,0.371679265,-32.9,-20.200000000000003,11.499999999999996,0.0012,0.024
Fri_Mar_17_2023,95896.0,20000.04,0.7069669,0.7091179,0.488627,0.511633,0.5068256,284.50000000000006,23.0,20.0,9.621398,800.0,103.1779,7.425728,4.064840576171875,-41.62833,-28.427274,13.676038000000005,4.324200345429777,3.946201099200099,-2.6000000000000005,0.269026693,-32.1,-20.5,12.3,0.0012,0.024
Fri_Mar_17_2023,103271.0,20001.42,0.694724,0.6951323,0.4786517,0.5045661,0.4917572,464.5,23.0,20.0,9.621398,800.0,103.1779,7.405791,4.8469580078125,-57.12456960000001,-64.430154,-6.6055843999999935,5.178693333128483,4.827358087200098,-2.6000000000000005,0.430610594,-51.2,-59.7,-7.8,0.0012,0.024
Fri_Mar_17_2023,96752.0,19999.98,0.7070214,0.710194,0.490703,0.5033162,0.5084616,314.6,23.0,20.0,9.621398,800.0,103.1779,6.858272,4.046220458984375,-41.4933192,-28.202256000000002,14.0210656,4.303857160476756,3.9790285164002017,-2.6000000000000005,0.371679265,-32.9,-20.200000000000003,11.499999999999996,0.0012,0.024
Fri_Mar_17_2023,110306.0,19999.0,0.6769174,0.6765189,0.4690526,0.4874991,0.4882115,361.8,23.0,20.0,9.621398,800.0,103.1779,6.755674,4.95022900390625,-59.509760400000005,-70.205616,-9.995855600000002,5.291520817115973,5.133171394798869,-2.6000000000000005,0.494817479,-52.300000000000004,-57.300000000000004,-4.3,0.0012,0.024
Fri_Mar_17_2023,103271.0,20001.42,0.694724,0.6951323,0.4786517,0.5045661,0.4917572,464.5,23.0,20.0,9.621398,800.0,103.1779,7.405791,4.8469580078125,-57.12456960000001,-64.430154,-6.6055843999999935,5.178693333128483,4.827358087200098,-2.6000000000000005,0.430610594,-51.2,-59.7,-7.8,0.0012,0.024
Fri_Mar_17_2023,115542.0,20001.08,0.6765988,0.675988,0.4675301,0.4860063,0.4806424,308.3,23.0,20.0,9.621398,800.0,103.1779,7.123724,5.09051416015625,-61.5499236,-77.25618000000001,-15.006256400000016,5.4447876763424565,5.088249665998972,-2.6000000000000005,0.564448578,-53.1,-69.3,-15.499999999999996,0.0012,0.024
Fri_Mar_17_2023,110306.0,19999.0,0.6769174,0.6765189,0.4690526,0.4874991,0.4882115,361.8,23.0,20.0,9.621398,800.0,103.1779,6.755674,4.95022900390625,-59.509760400000005,-70.205616,-9.995855600000002,5.291520817115973,5.133171394798869,-2.6000000000000005,0.494817479,-52.300000000000004,-57.300000000000004,-4.3,0.0012,0.024
Fri_Mar_17_2023,117182.0,19996.99,0.6797411,0.6828094,0.4638792,0.4885868,0.4786377,337.80000000000007,23.0,20.0,9.621398,800.0,103.1779,6.378983,5.114025390625,-61.5724254,-75.83106599999999,-13.558640599999993,5.470474588249753,5.077883113199586,-2.6000000000000005,0.639648578,-48.400000000000006,-67.0,-17.899999999999995,0.0012,0.024
Fri_Mar_17_2023,115542.0,20001.08,0.6765988,0.675988,0.4675301,0.4860063,0.4806424,308.3,23.0,20.0,9.621398,800.0,103.1779,7.123724,5.09051416015625,-61.5499236,-77.25618000000001,-15.006256400000016,5.4447876763424565,5.088249665998972,-2.6000000000000005,0.564448578,-53.1,-69.3,-15.499999999999996,0.0012,0.024
Fri_Mar_17_2023,122930.0,20002.83,0.6656165,0.665062,0.4648477,0.4861442,0.4784816,373.3,23.0,20.0,9.621398,800.0,103.1779,6.603728,5.164015625,-63.2750616,-81.156492,-17.1814304,5.525090817218398,5.108982771599279,-2.6000000000000005,0.720558501,-54.7,-72.2,-21.8,0.0012,0.024
Fri_Mar_17_2023,117182.0,19996.99,0.6797411,0.6828094,0.4638792,0.4885868,0.4786377,337.80000000000007,23.0,20.0,9.621398,800.0,103.1779,6.378983,5.114025390625,-61.5724254,-75.83106599999999,-13.558640599999993,5.470474588249753,5.077883113199586,-2.6000000000000005,0.639648578,-48.400000000000006,-67.0,-17.899999999999995,0.0012,0.024
Fri_Mar_17_2023,124633.0,20002.23,0.6673353,0.6630723,0.4630645,0.4837324,0.4836965,337.4,23.0,20.0,9.621398,800.0,103.1779,6.902792,5.1995146484375,-63.3725694,-81.53152200000001,-17.458952600000007,5.56387484806894,5.048511213598767,-2.5,0.87315969,-51.00000000000001,-70.8,-19.09999999999999,0.0012,0.024
Fri_Mar_17_2023,122930.0,20002.83,0.6656165,0.665062,0.4648477,0.4861442,0.4784816,373.3,23.0,20.0,9.621398,800.0,103.1779,6.603728,5.164015625,-63.2750616,-81.156492,-17.1814304,5.525090817218398,5.108982771599279,-2.6000000000000005,0.720558501,-54.7,-72.2,-21.8,0.0012,0.024
Fri_Mar_17_2023,131113.0,20001.51,0.6668535,0.6650089,0.4578307,0.4799135,0.474034,277.7,23.0,20.0,9.621398,800.0,103.1779,7.147193,5.1121259765625,-63.687594600000004,-81.00648000000001,-16.798899800000004,5.468399406273899,5.136626912399689,-2.6000000000000005,0.900055437,-57.800000000000004,-74.10000000000001,-15.600000000000005,0.0012,0.024
Fri_Mar_17_2023,124633.0,20002.23,0.6673353,0.6630723,0.4630645,0.4837324,0.4836965,337.4,23.0,20.0,9.621398,800.0,103.1779,6.902792,5.1995146484375,-63.3725694,-81.53152200000001,-17.458952600000007,5.56387484806894,5.048511213598767,-2.5,0.87315969,-51.00000000000001,-70.8,-19.09999999999999,0.0012,0.024
Fri_Mar_17_2023,131983.0,20000.83,0.6638793,0.660641,0.458474,0.4840966,0.4782255,246.5,23.0,20.0,9.621398,800.0,103.1779,6.706494,5.20372705078125,-63.58258620000001,-81.38151,-16.993915400000002,5.568477057556266,5.165998811998971,-2.6000000000000005,0.998908404,-54.900000000000006,-71.60000000000001,-16.000000000000004,0.0012,0.024
Fri_Mar_17_2023,131113.0,20001.51,0.6668535,0.6650089,0.4578307,0.4799135,0.474034,277.7,23.0,20.0,9.621398,800.0,103.1779,7.147193,5.1121259765625,-63.687594600000004,-81.00648000000001,-16.798899800000004,5.468399406273899,5.136626912399689,-2.6000000000000005,0.900055437,-57.800000000000004,-74.10000000000001,-15.600000000000005,0.0012,0.024
Fri_Mar_17_2023,139064.0,25001.51,0.7754968,0.7738436,0.5403256,0.5643241,0.5592694,241.7,23.0,20.0,9.621398,800.0,103.1779,10.22538,4.19146533203125,-68.77300140000001,-62.029962,7.210520800000009,4.462542698602917,5.38024090320061,-2.6000000000000005,0.0,-59.800000000000004,-52.5,3.90000000000001,0.0012,0.024
Fri_Mar_17_2023,131983.0,20000.83,0.6638793,0.660641,0.458474,0.4840966,0.4782255,246.5,23.0,20.0,9.621398,800.0,103.1779,6.706494,5.20372705078125,-63.58258620000001,-81.38151,-16.993915400000002,5.568477057556266,5.165998811998971,-2.6000000000000005,0.998908404,-54.900000000000006,-71.60000000000001,-16.000000000000004,0.0012,0.024
Fri_Mar_17_2023,145830.0,25000.26,0.9508652,0.9518342,0.6598327,0.6863494,0.6839406,178.7,23.0,20.0,9.621398,800.0,103.1779,12.23751,0.035397705078125,-2.2576806,129.76038,132.71806059999997,0.015588805078125,-0.03801069359979511,-2.5,0.000840762,9.600000000000001,139.3,133.6,0.0012,0.024
Fri_Mar_17_2023,139064.0,25001.51,0.7754968,0.7738436,0.5403256,0.5643241,0.5592694,241.7,23.0,20.0,9.621398,800.0,103.1779,10.22538,4.19146533203125,-68.77300140000001,-62.029962,7.210520800000009,4.462542698602917,5.38024090320061,-2.6000000000000005,0.0,-59.800000000000004,-52.5,3.90000000000001,0.0012,0.024
Fri_Mar_17_2023,152672.0,24999.0,0.9613455,0.9644799,0.6587,0.6872718,0.6834664,170.6,23.1,20.0,9.621398,800.0,103.1779,11.81562,0.03077336311340332,-2.3101848,130.060404,133.0255852,0.010964463113403319,-0.025916381999999977,-2.6000000000000005,0.003218794,7.800000000000001,138.4,131.1,0.0012,0.024
Fri_Mar_17_2023,145830.0,25000.26,0.9508652,0.9518342,0.6598327,0.6863494,0.6839406,178.7,23.0,20.0,9.621398,800.0,103.1779,12.23751,0.035397705078125,-2.2576806,129.76038,132.71806059999997,0.015588805078125,-0.03801069359979511,-2.5,0.000840762,9.600000000000001,139.3,133.6,0.0012,0.024
Fri_Mar_17_2023,158873.0,25003.4,0.9519793,0.9486948,0.6525522,0.6898605,0.6786228,162.4,23.1,20.0,9.621398,800.0,103.1779,12.2941,0.03112356376647949,-2.1826746,129.685374,132.5680486,0.01131466376647949,-0.06047155799897565,-2.5,0.00758752,8.8,139.6,131.29999999999998,0.0012,0.024
Fri_Mar_17_2023,152672.0,24999.0,0.9613455,0.9644799,0.6587,0.6872718,0.6834664,170.6,23.1,20.0,9.621398,800.0,103.1779,11.81562,0.03077336311340332,-2.3101848,130.060404,133.0255852,0.010964463113403319,-0.025916381999999977,-2.6000000000000005,0.003218794,7.800000000000001,138.4,131.1,0.0012,0.024
Fri_Mar_17_2023,183272.0,24997.46,0.9487251,0.9506231,0.656697,0.6728292,0.6753139,203.1,23.2,20.0,9.621398,800.0,103.1779,11.6166,0.0,-2.5127010000000003,129.38535000000002,132.598051,0.0,0.010366552799385411,-2.6000000000000005,0.014313612,7.0,137.20000000000002,130.9,0.0012,0.024
Fri_Mar_17_2023,158873.0,25003.4,0.9519793,0.9486948,0.6525522,0.6898605,0.6786228,162.4,23.1,20.0,9.621398,800.0,103.1779,12.2941,0.03112356376647949,-2.1826746,129.685374,132.5680486,0.01131466376647949,-0.06047155799897565,-2.5,0.00758752,8.8,139.6,131.29999999999998,0.0012,0.024
Fri_Mar_17_2023,183827.0,25000.14,0.9492035,0.9527603,0.659186,0.6837634,0.6799217,215.3,23.2,20.0,9.621398,800.0,103.1779,12.15535,0.031257225036621095,-2.4226938000000002,129.910392,133.03308579999998,0.011448325036621094,0.04837724639918052,-2.6000000000000005,0.023713612,10.0,138.8,129.5,0.0012,0.024
Fri_Mar_17_2023,183272.0,24997.46,0.9487251,0.9506231,0.656697,0.6728292,0.6753139,203.1,23.2,20.0,9.621398,800.0,103.1779,11.6166,0.0,-2.5127010000000003,129.38535000000002,132.598051,0.0,0.010366552799385411,-2.6000000000000005,0.014313612,7.0,137.20000000000002,130.9,0.0012,0.024
Fri_Mar_17_2023,192968.0,24997.87,0.9363182,0.9413155,0.6496722,0.6715286,0.6721426,252.9,23.2,20.0,9.621398,800.0,103.1779,11.54479,0.16319439697265625,-2.6252100000000005,128.710296,132.035506,0.14338549697265626,0.14340398040020474,-2.5,0.036070233,9.000000000000002,135.5,127.2,0.0012,0.024
Fri_Mar_17_2023,183827.0,25000.14,0.9492035,0.9527603,0.659186,0.6837634,0.6799217,215.3,23.2,20.0,9.621398,800.0,103.1779,12.15535,0.031257225036621095,-2.4226938000000002,129.910392,133.03308579999998,0.011448325036621094,0.04837724639918052,-2.6000000000000005,0.023713612,10.0,138.8,129.5,0.0012,0.024
Fri_Mar_17_2023,200516.0,25000.52,0.9297256,0.9331451,0.642059,0.6761766,0.6613469,252.5,23.3,20.0,9.621398,800.0,103.1779,12.25045,0.5111092834472656,-2.8277262000000003,125.86006800000001,129.3877942,0.49130038344726557,0.5010500520005118,-2.7,0.051641355,7.7,134.6,127.6,0.0012,0.024
Fri_Mar_17_2023,192968.0,24997.87,0.9363182,0.9413155,0.6496722,0.6715286,0.6721426,252.9,23.2,20.0,9.621398,800.0,103.1779,11.54479,0.16319439697265625,-2.6252100000000005,128.710296,132.035506,0.14338549697265626,0.14340398040020474,-2.5,0.036070233,9.000000000000002,135.5,127.2,0.0012,0.024
Fri_Mar_17_2023,204577.0,24999.13,0.9180633,0.9231635,0.637965,0.66686,0.6579154,236.6,23.3,20.0,9.621398,800.0,103.1779,11.76257,1.0848011474609376,-4.0053204000000004,118.284462,122.98978240000001,1.0848011474609376,1.188698054400716,-2.6000000000000005,0.070665617,6.300000000000001,125.4,119.80000000000001,0.0012,0.024
Fri_Mar_17_2023,200516.0,25000.52,0.9297256,0.9331451,0.642059,0.6761766,0.6613469,252.5,23.3,20.0,9.621398,800.0,103.1779,12.25045,0.5111092834472656,-2.8277262000000003,125.86006800000001,129.3877942,0.49130038344726557,0.5010500520005118,-2.7,0.051641355,7.7,134.6,127.6,0.0012,0.024
Fri_Mar_17_2023,208475.0,25000.22,0.9116906,0.91251,0.6314644,0.6627581,0.6529728,270.5,23.3,20.0,9.621398,800.0,103.1779,11.07636,1.532453857421875,-6.810544800000001,110.55884400000001,118.06938880000001,1.5574717113753687,1.4167622159994866,-2.5,0.093366179,-0.5,119.4,120.60000000000001,0.0012,0.024
Fri_Mar_17_2023,204577.0,24999.13,0.9180633,0.9231635,0.637965,0.66686,0.6579154,236.6,23.3,20.0,9.621398,800.0,103.1779,11.76257,1.0848011474609376,-4.0053204000000004,118.284462,122.98978240000001,1.0848011474609376,1.188698054400716,-2.6000000000000005,0.070665617,6.300000000000001,125.4,119.80000000000001,0.0012,0.024
Fri_Mar_17_2023,213335.0,24999.27,0.8853408,0.8885437,0.6122754,0.6390532,0.6330094,257.0,23.3,20.0,9.621398,800.0,103.1779,11.47845,2.367764892578125,-15.2112168,86.781942,102.6931588,2.4700807304469845,2.3393854152001006,-2.5,0.119953394,-6.500000000000001,95.0,102.2,0.0012,0.024
Fri_Mar_17_2023,208475.0,25000.22,0.9116906,0.91251,0.6314644,0.6627581,0.6529728,270.5,23.3,20.0,9.621398,800.0,103.1779,11.07636,1.532453857421875,-6.810544800000001,110.55884400000001,118.06938880000001,1.5574717113753687,1.4167622159994866,-2.5,0.093366179,-0.5,119.4,120.60000000000001,0.0012,0.024
Fri_Mar_17_2023,216424.0,25003.7,0.8821194,0.8782443,0.6147873,0.6462578,0.6324915,262.5,23.3,20.0,9.621398,800.0,103.1779,11.44013,2.40145703125,-16.2988038,80.25642,97.25522380000001,2.5068906710914454,2.641743205199588,-2.5,0.150626791,-11.600000000000001,80.2,92.50000000000001,0.0012,0.024
Fri_Mar_17_2023,213335.0,24999.27,0.8853408,0.8885437,0.6122754,0.6390532,0.6330094,257.0,23.3,20.0,9.621398,800.0,103.1779,11.47845,2.367764892578125,-15.2112168,86.781942,102.6931588,2.4700807304469845,2.3393854152001006,-2.5,0.119953394,-6.500000000000001,95.0,102.2,0.0012,0.024
Fri_Mar_17_2023,221566.0,24999.13,0.8637866,0.8677622,0.5910522,0.6206814,0.6135554,376.0,23.3,20.0,9.621398,800.0,103.1779,10.66119,3.489851806640625,-31.044983400000003,44.478558,76.2235414,3.696003284869032,3.363946383598768,-2.6000000000000005,0.185576593,-22.3,52.5,75.5,0.0012,0.024
Fri_Mar_17_2023,216424.0,25003.7,0.8821194,0.8782443,0.6147873,0.6462578,0.6324915,262.5,23.3,20.0,9.621398,800.0,103.1779,11.44013,2.40145703125,-16.2988038,80.25642,97.25522380000001,2.5068906710914454,2.641743205199588,-2.5,0.150626791,-11.600000000000001,80.2,92.50000000000001,0.0012,0.024
Fri_Mar_17_2023,224366.0,25000.45,0.8633788,0.8611218,0.595674,0.6262449,0.6126783,306.90000000000003,23.3,20.0,9.621398,800.0,103.1779,10.9429,3.48421484375,-31.885050600000003,43.95351600000001,76.53856660000001,3.689844688899814,3.6922205556013283,-2.6000000000000005,0.224984909,-23.700000000000003,49.0,73.4,0.0012,0.024
Fri_Mar_17_2023,221566.0,24999.13,0.8637866,0.8677622,0.5910522,0.6206814,0.6135554,376.0,23.3,20.0,9.621398,800.0,103.1779,10.66119,3.489851806640625,-31.044983400000003,44.478558,76.2235414,3.696003284869032,3.363946383598768,-2.6000000000000005,0.185576593,-22.3,52.5,75.5,0.0012,0.024
Fri_Mar_17_2023,229882.0,25001.61,0.826899,0.8251713,0.5754305,0.5956923,0.5953037,385.9,23.4,20.0,9.621398,800.0,103.1779,10.405,4.42775341796875,-48.12384960000001,4.800384,53.62423360000001,4.720696403330876,4.277930788800406,-2.6000000000000005,0.269026693,-38.80000000000001,12.100000000000001,51.10000000000001,0.0012,0.024
Fri_Mar_17_2023,224366.0,25000.45,0.8633788,0.8611218,0.595674,0.6262449,0.6126783,306.90000000000003,23.3,20.0,9.621398,800.0,103.1779,10.9429,3.48421484375,-31.885050600000003,43.95351600000001,76.53856660000001,3.689844688899814,3.6922205556013283,-2.6000000000000005,0.224984909,-23.700000000000003,49.0,73.4,0.0012,0.024
Fri_Mar_17_2023,232528.0,24999.34,0.833927,0.8356232,0.5747699,0.6006182,0.5938114,390.4,23.4,20.0,9.621398,800.0,103.1779,10.48774,4.42580419921875,-48.356368200000006,7.0505640000000005,56.10693220000001,4.7185668078430565,4.333219070399689,-2.5,0.371679265,-38.400000000000006,15.9,55.00000000000001,0.0012,0.024
Fri_Mar_17_2023,229882.0,25001.61,0.826899,0.8251713,0.5754305,0.5956923,0.5953037,385.9,23.4,20.0,9.621398,800.0,103.1779,10.405,4.42775341796875,-48.12384960000001,4.800384,53.62423360000001,4.720696403330876,4.277930788800406,-2.6000000000000005,0.269026693,-38.80000000000001,12.100000000000001,51.10000000000001,0.0012,0.024
Fri_Mar_17_2023,238792.0,24999.03,0.8000801,0.8007518,0.5541414,0.5774186,0.5781862,338.5,23.4,20.0,9.621398,800.0,103.1779,9.80785,5.17755126953125,-64.9851984,-33.00264000000001,32.7350626,5.539879022758932,5.09688846000102,-2.5,0.430610594,-56.300000000000004,-24.0,31.100000000000005,0.0012,0.024
Fri_Mar_17_2023,232528.0,24999.34,0.833927,0.8356232,0.5747699,0.6006182,0.5938114,390.4,23.4,20.0,9.621398,800.0,103.1779,10.48774,4.42580419921875,-48.356368200000006,7.0505640000000005,56.10693220000001,4.7185668078430565,4.333219070399689,-2.5,0.371679265,-38.400000000000006,15.9,55.00000000000001,0.0012,0.024
Fri_Mar_17_2023,241701.0,25000.69,0.8029003,0.801289,0.5572844,0.5817866,0.5713235,331.2,23.4,20.0,9.621398,800.0,103.1779,9.775035,5.29197216796875,-67.48289820000001,-40.278222,27.904676200000008,5.664888198370753,5.2472034755997905,-2.5,0.494817479,-55.6,-30.6,25.7,0.0012,0.024
Fri_Mar_17_2023,238792.0,24999.03,0.8000801,0.8007518,0.5541414,0.5774186,0.5781862,338.5,23.4,20.0,9.621398,800.0,103.1779,9.80785,5.17755126953125,-64.9851984,-33.00264000000001,32.7350626,5.539879022758932,5.09688846000102,-2.5,0.430610594,-56.300000000000004,-24.0,31.100000000000005,0.0012,0.024
Fri_Mar_17_2023,250117.0,25001.35,0.7948754,0.7936323,0.5492649,0.5789088,0.5674976,330.2,23.4,20.0,9.621398,800.0,103.1779,10.36762,5.42053662109375,-70.1081082,-46.72873800000001,24.079370199999996,5.805349744448541,5.459717807999484,-2.5,0.564448578,-64.8,-36.7,28.799999999999994,0.0012,0.024
Fri_Mar_17_2023,241701.0,25000.69,0.8029003,0.801289,0.5572844,0.5817866,0.5713235,331.2,23.4,20.0,9.621398,800.0,103.1779,9.775035,5.29197216796875,-67.48289820000001,-40.278222,27.904676200000008,5.664888198370753,5.2472034755997905,-2.5,0.494817479,-55.6,-30.6,25.7,0.0012,0.024
Fri_Mar_17_2023,259638.0,25003.08,0.7885515,0.7852464,0.5394264,0.5773109,0.5661216,402.0,23.5,20.0,9.621398,800.0,103.1779,10.29878,5.447779296875,-70.7756616,-52.204176000000004,19.271485600000002,5.835113402026658,5.40270176759979,-2.5,0.639648578,-63.70000000000001,-43.2,21.200000000000006,0.0012,0.024
Fri_Mar_17_2023,250117.0,25001.35,0.7948754,0.7936323,0.5492649,0.5789088,0.5674976,330.2,23.4,20.0,9.621398,800.0,103.1779,10.36762,5.42053662109375,-70.1081082,-46.72873800000001,24.079370199999996,5.805349744448541,5.459717807999484,-2.5,0.564448578,-64.8,-36.7,28.799999999999994,0.0012,0.024
Fri_Mar_17_2023,261613.0,25000.12,0.784811,0.7892429,0.5451869,0.5738713,0.5626665,379.8,23.4,20.0,9.621398,800.0,103.1779,9.509615,5.47812158203125,-70.9031718,-52.504200000000004,19.09897179999999,5.868263500525784,5.350869003599791,-2.5,0.720558501,-58.0,-42.300000000000004,16.399999999999995,0.0012,0.024
Fri_Mar_17_2023,259638.0,25003.08,0.7885515,0.7852464,0.5394264,0.5773109,0.5661216,402.0,23.5,20.0,9.621398,800.0,103.1779,10.29878,5.447779296875,-70.7756616,-52.204176000000004,19.271485600000002,5.835113402026658,5.40270176759979,-2.5,0.639648578,-63.70000000000001,-43.2,21.200000000000006,0.0012,0.024
Fri_Mar_17_2023,269403.0,25001.52,0.7950462,0.7927874,0.5506954,0.5755445,0.5706768,319.7,23.5,20.0,9.621398,800.0,103.1779,10.24615,5.50174951171875,-71.7657408,-55.879470000000005,16.586270799999998,5.894077910760133,5.478723154799381,-2.6000000000000005,0.87315969,-65.8,-47.7,18.799999999999994,0.0012,0.024
Fri_Mar_17_2023,261613.0,25000.12,0.784811,0.7892429,0.5451869,0.5738713,0.5626665,379.8,23.4,20.0,9.621398,800.0,103.1779,9.509615,5.47812158203125,-70.9031718,-52.504200000000004,19.09897179999999,5.868263500525784,5.350869003599791,-2.5,0.720558501,-58.0,-42.300000000000004,16.399999999999995,0.0012,0.024
Fri_Mar_17_2023,272587.0,25000.87,0.7902834,0.7839348,0.5393264,0.5685802,0.5649972,325.0,23.5,20.0,9.621398,800.0,103.1779,10.16522,5.46766845703125,-71.8257456,-56.029482,16.496263600000002,5.856843064603136,5.413068320399176,-2.7,0.900055437,-56.900000000000006,-47.900000000000006,9.7,0.0012,0.024
Fri_Mar_17_2023,269403.0,25001.52,0.7950462,0.7927874,0.5506954,0.5755445,0.5706768,319.7,23.5,20.0,9.621398,800.0,103.1779,10.24615,5.50174951171875,-71.7657408,-55.879470000000005,16.586270799999998,5.894077910760133,5.478723154799381,-2.6000000000000005,0.87315969,-65.8,-47.7,18.799999999999994,0.0012,0.024
Fri_Mar_17_2023,278621.0,24999.46,0.7936934,0.7933115,0.5454962,0.5726697,0.5657926,305.2,23.5,20.0,9.621398,800.0,103.1779,9.724026,5.50371533203125,-71.7657408,-55.879470000000005,16.586270799999998,5.896225644085273,5.563383335999483,-2.6000000000000005,0.998908404,-64.5,-48.20000000000001,16.99999999999999,0.0012,0.024
Fri_Mar_17_2023,272587.0,25000.87,0.7902834,0.7839348,0.5393264,0.5685802,0.5649972,325.0,23.5,20.0,9.621398,800.0,103.1779,10.16522,5.46766845703125,-71.8257456,-56.029482,16.496263600000002,5.856843064603136,5.413068320399176,-2.7,0.900055437,-56.900000000000006,-47.900000000000006,9.7,0.0012,0.024
Fri_Mar_17_2023,295617.0,29997.56,1.21953,1.223758,0.7951211,0.8893322,0.9131463,212.9,23.6,20.0,9.621398,800.0,103.1779,19.39622,0.031267065048217774,-2.7227178,187.74001800000002,191.1627358,0.011458165048217773,0.1727758799994877,-2.6000000000000005,0.0,6.800000000000001,195.5,189.39999999999998,0.0012,0.024
Fri_Mar_17_2023,278621.0,24999.46,0.7936934,0.7933115,0.5454962,0.5726697,0.5657926,305.2,23.5,20.0,9.621398,800.0,103.1779,9.724026,5.50371533203125,-71.7657408,-55.879470000000005,16.586270799999998,5.896225644085273,5.563383335999483,-2.6000000000000005,0.998908404,-64.5,-48.20000000000001,16.99999999999999,0.0012,0.024
Fri_Mar_17_2023,310344.0,30001.23,1.203168,1.204793,0.8295958,0.8330795,0.9036243,241.0,23.6,20.0,9.621398,800.0,103.1779,18.3222,0.0,-2.8202256,187.289982,190.81020759999998,0.0,0.09157121640020478,-2.6000000000000005,0.000840762,8.4,195.4,187.7,0.0012,0.024
Fri_Mar_17_2023,295617.0,29997.56,1.21953,1.223758,0.7951211,0.8893322,0.9131463,212.9,23.6,20.0,9.621398,800.0,103.1779,19.39622,0.031267065048217774,-2.7227178,187.74001800000002,191.1627358,0.011458165048217773,0.1727758799994877,-2.6000000000000005,0.0,6.800000000000001,195.5,189.39999999999998,0.0012,0.024
Fri_Mar_17_2023,315771.0,29999.99,1.207584,1.207752,0.7994364,0.9220616,0.8486809,237.2,23.7,20.0,9.621398,800.0,103.1779,19.40285,0.0,-2.9177334000000004,187.96503600000003,191.61277180000002,0.0,0.03973845240020483,-2.6000000000000005,0.003218794,6.7,196.5,190.5,0.0012,0.024
Fri_Mar_17_2023,310344.0,30001.23,1.203168,1.204793,0.8295958,0.8330795,0.9036243,241.0,23.6,20.0,9.621398,800.0,103.1779,18.3222,0.0,-2.8202256,187.289982,190.81020759999998,0.0,0.09157121640020478,-2.6000000000000005,0.000840762,8.4,195.4,187.7,0.0012,0.024
Fri_Mar_17_2023,340502.0,29997.81,1.200359,1.207253,0.8546836,0.7981145,0.8764654,207.4,23.8,20.0,9.621398,800.0,103.1779,17.81872,0.0,-2.9927394000000005,184.13973000000001,187.8324694,0.0,-0.010366552800921861,-2.6000000000000005,0.00758752,9.200000000000001,192.70000000000002,184.20000000000002,0.0012,0.024
Fri_Mar_17_2023,315771.0,29999.99,1.207584,1.207752,0.7994364,0.9220616,0.8486809,237.2,23.7,20.0,9.621398,800.0,103.1779,19.40285,0.0,-2.9177334000000004,187.96503600000003,191.61277180000002,0.0,0.03973845240020483,-2.6000000000000005,0.003218794,6.7,196.5,190.5,0.0012,0.024
Fri_Mar_17_2023,345862.0,29998.83,1.193684,1.199685,0.7682514,0.8863921,0.8692068,257.4,23.8,20.0,9.621398,800.0,103.1779,19.09044,0.0,-2.9552364000000004,183.46467600000003,187.1199124,0.0,0.06392707559979509,-2.6000000000000005,0.014313612,7.4,193.5,186.79999999999998,0.0012,0.024
Fri_Mar_17_2023,340502.0,29997.81,1.200359,1.207253,0.8546836,0.7981145,0.8764654,207.4,23.8,20.0,9.621398,800.0,103.1779,17.81872,0.0,-2.9927394000000005,184.13973000000001,187.8324694,0.0,-0.010366552800921861,-2.6000000000000005,0.00758752,9.200000000000001,192.70000000000002,184.20000000000002,0.0012,0.024
Fri_Mar_17_2023,372016.0,30000.63,1.176866,1.17852,0.818319,0.8091683,0.8733465,283.9,24.0,20.0,9.621398,800.0,103.1779,17.92634,0.0,-3.1727538,183.7647,187.6374538,0.0,-0.005183276399692706,-2.5,0.023713612,9.8,192.10000000000002,183.0,0.0012,0.024
Fri_Mar_17_2023,345862.0,29998.83,1.193684,1.199685,0.7682514,0.8863921,0.8692068,257.4,23.8,20.0,9.621398,800.0,103.1779,19.09044,0.0,-2.9552364000000004,183.46467600000003,187.1199124,0.0,0.06392707559979509,-2.6000000000000005,0.014313612,7.4,193.5,186.79999999999998,0.0012,0.024
Fri_Mar_17_2023,383434.0,29999.59,1.160566,1.160729,0.8387899,0.8289433,0.8029838,291.1,24.0,20.0,9.621398,800.0,103.1779,17.65026,0.055072349548339845,-3.2702616,182.26458000000002,186.2348416,0.03526344954833985,0.06219931679938537,-2.6000000000000005,0.036070233,5.7,189.8,184.8,0.0012,0.024
Fri_Mar_17_2023,372016.0,30000.63,1.176866,1.17852,0.818319,0.8091683,0.8733465,283.9,24.0,20.0,9.621398,800.0,103.1779,17.92634,0.0,-3.1727538,183.7647,187.6374538,0.0,-0.005183276399692706,-2.5,0.023713612,9.8,192.10000000000002,183.0,0.0012,0.024
Fri_Mar_17_2023,387436.0,30002.07,1.16555,1.160904,0.8047215,0.792522,0.8801134,295.20000000000005,24.1,20.0,9.621398,800.0,103.1779,18.42168,0.08814681243896484,-3.2027562,181.13949000000002,185.04224620000002,0.06833791243896484,0.11748759839866832,-2.6000000000000005,0.051641355,7.9,190.20000000000002,183.0,0.0012,0.024
Fri_Mar_17_2023,383434.0,29999.59,1.160566,1.160729,0.8387899,0.8289433,0.8029838,291.1,24.0,20.0,9.621398,800.0,103.1779,17.65026,0.055072349548339845,-3.2702616,182.26458000000002,186.2348416,0.03526344954833985,0.06219931679938537,-2.6000000000000005,0.036070233,5.7,189.8,184.8,0.0012,0.024
Fri_Mar_17_2023,398143.0,30001.56,1.155299,1.155597,0.8469331,0.8044863,0.7972826,308.40000000000003,24.1,20.0,9.621398,800.0,103.1779,17.94634,0.9594313354492188,-3.9828186000000003,159.087726,163.7705446,0.9594313354492188,0.9951890687993846,-2.4,0.070665617,7.7,167.8,160.8,0.0012,0.024
Fri_Mar_17_2023,387436.0,30002.07,1.16555,1.160904,0.8047215,0.792522,0.8801134,295.20000000000005,24.1,20.0,9.621398,800.0,103.1779,18.42168,0.08814681243896484,-3.2027562,181.13949000000002,185.04224620000002,0.06833791243896484,0.11748759839866832,-2.6000000000000005,0.051641355,7.9,190.20000000000002,183.0,0.0012,0.024
Fri_Mar_17_2023,405656.0,30001.07,1.169972,1.1694,0.7712946,0.8966407,0.8163974,309.90000000000003,24.1,20.0,9.621398,800.0,103.1779,17.60755,0.9968186645507813,-4.3203456000000005,157.43759400000002,162.4579396,0.9968186645507813,0.9848225159999991,-2.5,0.093366179,5.300000000000001,166.60000000000002,162.0,0.0012,0.024
Fri_Mar_17_2023,398143.0,30001.56,1.155299,1.155597,0.8469331,0.8044863,0.7972826,308.40000000000003,24.1,20.0,9.621398,800.0,103.1779,17.94634,0.9594313354492188,-3.9828186000000003,159.087726,163.7705446,0.9594313354492188,0.9951890687993846,-2.4,0.070665617,7.7,167.8,160.8,0.0012,0.024
Fri_Mar_17_2023,413723.0,29997.91,1.171308,1.169734,0.8206406,0.7899976,0.8611562,282.4,24.2,20.0,9.621398,800.0,103.1779,17.92048,1.5468284912109376,-7.620609600000001,145.66165200000003,153.98976220000003,1.5731765445328718,1.560166196401228,-2.5,0.119953394,4.2,153.60000000000002,150.10000000000002,0.0012,0.024
Fri_Mar_17_2023,405656.0,30001.07,1.169972,1.1694,0.7712946,0.8966407,0.8163974,309.90000000000003,24.1,20.0,9.621398,800.0,103.1779,17.60755,0.9968186645507813,-4.3203456000000005,157.43759400000002,162.4579396,0.9968186645507813,0.9848225159999991,-2.5,0.093366179,5.300000000000001,166.60000000000002,162.0,0.0012,0.024
Fri_Mar_17_2023,421616.0,30002.5,1.159186,1.150806,0.8165583,0.8670139,0.7898051,293.2,24.2,20.0,9.621398,800.0,103.1779,17.96718,2.4344990234375,-16.433814599999998,122.334786,139.46860059999997,2.542990302018464,2.3566630031995883,-2.6000000000000005,0.150626791,-9.200000000000001,131.1,140.99999999999997,0.0012,0.024
Fri_Mar_17_2023,413723.0,29997.91,1.171308,1.169734,0.8206406,0.7899976,0.8611562,282.4,24.2,20.0,9.621398,800.0,103.1779,17.92048,1.5468284912109376,-7.620609600000001,145.66165200000003,153.98976220000003,1.5731765445328718,1.560166196401228,-2.5,0.119953394,4.2,153.60000000000002,150.10000000000002,0.0012,0.024
Fri_Mar_17_2023,429261.0,30001.19,1.14883,1.144572,0.7964174,0.7915682,0.8641703,292.3,24.3,20.0,9.621398,800.0,103.1779,17.55004,3.03749658203125,-24.826986,104.18333400000002,129.71032,3.2017880280031137,3.023577899999485,-2.5,0.185576593,-17.0,113.0,130.7,0.0012,0.024
Fri_Mar_17_2023,421616.0,30002.5,1.159186,1.150806,0.8165583,0.8670139,0.7898051,293.2,24.2,20.0,9.621398,800.0,103.1779,17.96718,2.4344990234375,-16.433814599999998,122.334786,139.46860059999997,2.542990302018464,2.3566630031995883,-2.6000000000000005,0.150626791,-9.200000000000001,131.1,140.99999999999997,0.0012,0.024
Fri_Mar_17_2023,437273.0,29999.67,1.124985,1.125748,0.7496305,0.8633056,0.7779587,289.9,24.3,20.0,9.621398,800.0,103.1779,17.30022,3.63964453125,-33.9552162,84.38175000000001,119.03696620000001,3.8596575234895663,3.5488165751995875,-2.5,0.224984909,-24.0,93.80000000000001,118.50000000000001,0.0012,0.024
Fri_Mar_17_2023,429261.0,30001.19,1.14883,1.144572,0.7964174,0.7915682,0.8641703,292.3,24.3,20.0,9.621398,800.0,103.1779,17.55004,3.03749658203125,-24.826986,104.18333400000002,129.71032,3.2017880280031137,3.023577899999485,-2.5,0.185576593,-17.0,113.0,130.7,0.0012,0.024
Fri_Mar_17_2023,444930.0,30002.89,1.10863,1.106157,0.7628626,0.7566136,0.8414552,278.6,24.3,20.0,9.621398,800.0,103.1779,17.25019,4.106322265625,-43.525981800000004,66.230298,110.45627980000002,4.369520666038457,4.041227833201123,-2.6000000000000005,0.269026693,-32.4,77.30000000000001,110.40000000000002,0.0012,0.024
Fri_Mar_17_2023,437273.0,29999.67,1.124985,1.125748,0.7496305,0.8633056,0.7779587,289.9,24.3,20.0,9.621398,800.0,103.1779,17.30022,3.63964453125,-33.9552162,84.38175000000001,119.03696620000001,3.8596575234895663,3.5488165751995875,-2.5,0.224984909,-24.0,93.80000000000001,118.50000000000001,0.0012,0.024
Fri_Mar_17_2023,456528.0,30003.28,1.080816,1.083962,0.7836986,0.7391411,0.7837842,283.00000000000006,24.4,20.0,9.621398,800.0,103.1779,17.11323,5.27304736328125,-68.63799060000001,10.350828000000002,79.68881860000002,5.6442121307563085,5.119349324400201,-2.6000000000000005,0.371679265,-55.30000000000001,20.100000000000005,76.10000000000002,0.0012,0.024
Fri_Mar_17_2023,444930.0,30002.89,1.10863,1.106157,0.7628626,0.7566136,0.8414552,278.6,24.3,20.0,9.621398,800.0,103.1779,17.25019,4.106322265625,-43.525981800000004,66.230298,110.45627980000002,4.369520666038457,4.041227833201123,-2.6000000000000005,0.269026693,-32.4,77.30000000000001,110.40000000000002,0.0012,0.024
Fri_Mar_17_2023,461886.0,30001.93,1.080065,1.077661,0.7164556,0.8314423,0.7556585,273.80000000000007,24.4,20.0,9.621398,800.0,103.1779,16.3197,5.307921875,-68.69799540000001,9.525762,78.92375740000001,5.682313858844095,5.2748476164002005,-2.5,0.430610594,-57.800000000000004,18.8,77.30000000000001,0.0012,0.024
Fri_Mar_17_2023,456528.0,30003.28,1.080816,1.083962,0.7836986,0.7391411,0.7837842,283.00000000000006,24.4,20.0,9.621398,800.0,103.1779,17.11323,5.27304736328125,-68.63799060000001,10.350828000000002,79.68881860000002,5.6442121307563085,5.119349324400201,-2.6000000000000005,0.371679265,-55.30000000000001,20.100000000000005,76.10000000000002,0.0012,0.024
Fri_Mar_17_2023,473448.0,30001.03,1.07231,1.071495,0.6963951,0.8002324,0.783836,217.6,24.5,20.0,9.621398,800.0,103.1779,16.95192,5.51594970703125,-73.33336620000001,-1.2751020000000002,72.75826420000001,5.9095921632593145,5.335319174399176,-2.5,0.494817479,-69.4,10.400000000000002,80.50000000000001,0.0012,0.024
Fri_Mar_17_2023,461886.0,30001.93,1.080065,1.077661,0.7164556,0.8314423,0.7556585,273.80000000000007,24.4,20.0,9.621398,800.0,103.1779,16.3197,5.307921875,-68.69799540000001,9.525762,78.92375740000001,5.682313858844095,5.2748476164002005,-2.5,0.430610594,-57.800000000000004,18.8,77.30000000000001,0.0012,0.024
Fri_Mar_17_2023,479076.0,30002.23,1.0761,1.071918,0.7782118,0.7288929,0.775593,235.1,24.5,20.0,9.621398,800.0,103.1779,16.75945,5.65504248046875,-76.8886506,-9.75078,67.8378706,6.061556298993499,5.61348834120061,-2.6000000000000005,0.564448578,-65.3,-2.4000000000000004,63.6,0.0012,0.024
Fri_Mar_17_2023,473448.0,30001.03,1.07231,1.071495,0.6963951,0.8002324,0.783836,217.6,24.5,20.0,9.621398,800.0,103.1779,16.95192,5.51594970703125,-73.33336620000001,-1.2751020000000002,72.75826420000001,5.9095921632593145,5.335319174399176,-2.5,0.494817479,-69.4,10.400000000000002,80.50000000000001,0.0012,0.024
Fri_Mar_17_2023,491792.0,30001.26,1.067385,1.073543,0.7626292,0.7284776,0.7788026,224.9,24.5,20.0,9.621398,800.0,103.1779,16.45139,5.7330986328125,-76.88115,-14.551164,63.03748660000001,6.146835608885064,5.705059557599278,-2.5,0.639648578,-77.10000000000002,-8.1,69.70000000000003,0.0012,0.024
Fri_Mar_17_2023,479076.0,30002.23,1.0761,1.071918,0.7782118,0.7288929,0.775593,235.1,24.5,20.0,9.621398,800.0,103.1779,16.75945,5.65504248046875,-76.8886506,-9.75078,67.8378706,6.061556298993499,5.61348834120061,-2.6000000000000005,0.564448578,-65.3,-2.4000000000000004,63.6,0.0012,0.024
Fri_Mar_17_2023,497241.0,30001.7,1.066819,1.063496,0.7141793,0.8077869,0.7486814,227.2,24.6,20.0,9.621398,800.0,103.1779,16.10962,5.86613623046875,-76.8886506,-17.251380000000005,60.337270600000004,6.292184235189281,5.794903015200609,-2.5,0.720558501,-74.0,-6.4,69.9,0.0012,0.024
Fri_Mar_17_2023,491792.0,30001.26,1.067385,1.073543,0.7626292,0.7284776,0.7788026,224.9,24.5,20.0,9.621398,800.0,103.1779,16.45139,5.7330986328125,-76.88115,-14.551164,63.03748660000001,6.146835608885064,5.705059557599278,-2.5,0.639648578,-77.10000000000002,-8.1,69.70000000000003,0.0012,0.024
Fri_Mar_17_2023,543561.0,30003.33,1.043874,1.047746,0.7414863,0.7208707,0.7875208,157.5,24.7,20.0,9.621398,800.0,103.1779,15.63195,5.85735986328125,-76.88115,-21.451716,56.129434,6.282595720836065,5.907207337199585,-2.6000000000000005,0.87315969,-65.0,-13.100000000000001,52.6,0.0012,0.024
Fri_Mar_17_2023,497241.0,30001.7,1.066819,1.063496,0.7141793,0.8077869,0.7486814,227.2,24.6,20.0,9.621398,800.0,103.1779,16.10962,5.86613623046875,-76.8886506,-17.251380000000005,60.337270600000004,6.292184235189281,5.794903015200609,-2.5,0.720558501,-74.0,-6.4,69.9,0.0012,0.024
Fri_Mar_17_2023,563771.0,30001.09,1.045927,1.047555,0.6778707,0.7793421,0.7760574,185.8,24.8,20.0,9.621398,800.0,103.1779,16.17002,5.8557607421875,-76.8886506,-21.676734000000003,55.911916600000005,6.2808486203294,5.66532110520061,-2.5,0.900055437,-77.2,-11.0,66.9,0.0012,0.024
Fri_Mar_17_2023,543561.0,30003.33,1.043874,1.047746,0.7414863,0.7208707,0.7875208,157.5,24.7,20.0,9.621398,800.0,103.1779,15.63195,5.85735986328125,-76.88115,-21.451716,56.129434,6.282595720836065,5.907207337199585,-2.6000000000000005,0.87315969,-65.0,-13.100000000000001,52.6,0.0012,0.024
Fri_Mar_17_2023,583403.0,29999.02,1.03536,1.032972,0.6819437,0.7914661,0.723379,165.3,24.8,20.0,9.621398,800.0,103.1779,15.43896,5.8284296875,-76.88115,-22.051764000000002,55.529386,6.25098840544084,5.755164562800405,-2.5,0.998908404,-77.0,-14.400000000000002,63.3,0.0012,0.024
Fri_Mar_17_2023,563771.0,30001.09,1.045927,1.047555,0.6778707,0.7793421,0.7760574,185.8,24.8,20.0,9.621398,800.0,103.1779,16.17002,5.8557607421875,-76.8886506,-21.676734000000003,55.911916600000005,6.2808486203294,5.66532110520061,-2.5,0.900055437,-77.2,-11.0,66.9,0.0012,0.024
Fri_Mar_17_2023,603842.0,30003.06,1.033959,1.036557,0.7388691,0.703633,0.7519462,161.0,24.9,20.0,9.621398,800.0,103.1779,16.13877,5.85352978515625,-76.8886506,-22.126770000000004,55.4618806,6.278411215072927,5.749981286400712,-2.5,0.998908404,-73.60000000000001,-11.4,62.90000000000001,0.0012,0.024
Fri_Mar_17_2023,583403.0,29999.02,1.03536,1.032972,0.6819437,0.7914661,0.723379,165.3,24.8,20.0,9.621398,800.0,103.1779,15.43896,5.8284296875,-76.88115,-22.051764000000002,55.529386,6.25098840544084,5.755164562800405,-2.5,0.998908404,-77.0,-14.400000000000002,63.3,0.0012,0.024
Fri_Mar_17_2023,603842.0,30003.06,1.033959,1.036557,0.7388691,0.703633,0.7519462,161.0,24.9,20.0,9.621398,800.0,103.1779,16.13877,5.85352978515625,-76.8886506,-22.126770000000004,55.4618806,6.278411215072927,5.749981286400712,-2.5,0.998908404,-73.60000000000001,-11.4,62.90000000000001,0.0012,0.024
