Time,Time_ms,Motor_speed_rpm,BLDC_Q_curent_for_monitoring,Filtered_Q_current_A,BLDC_Ph_A_amps_abs_A,BLDC_Ph_B_amps_abs_A,BLDC_Ph_C_amps_abs_A,Purge_pressure_mHg,ivp_purge_temperature_C,Purge_add_flow_rate_mlph,Purge_add_speed_rpm,Purge_circulate_flow_rate_mlph,Purge_circulate_speed_rpm,BLDC_watts_W,Flow_Original_lpm,Input_pressure_mmHg,Output_pressure_mmHg,Net_pressure_mmHg,Flow_lpm,Flow_from_M01_lpm,aortic_Pressure_mmHg,DC_Valve,Input_pressure_from_M04_mmHg,Output_pressure_from_M04_mmHg,Net_pressure_from_M04_mmHg
Thu_Mar_02_2023,72028,0,0,-4.34958E-05,0.01521792,0.0150664,0.01515562,169.4,27.1,20,9.621398,800,103.1779,0.92395,0,12.8935314,14.026122,3.1725906,0,0.065654834,-0.8,0.1,-5.1,11,-1.2
Thu_Mar_02_2023,133009,0,0,-8.24653E-06,0.01513269,0.01533071,0.01519839,172.2,27.1,20,9.621398,800,103.1779,0.4922312,0,12.5185014,14.026122,3.5476206,0,0.051832764,-0.8,0.11,-5.1,11.7,-0.5
Thu_Mar_02_2023,145239,0,0,-3.32986E-05,0.01491913,0.0151045,0.01511613,172.6,27.1,20,9.621398,800,103.1779,0.6338717,0.030664669,12.4359948,14.101128,3.7051332,0.010855769,0.025916382,-0.8,0.12,-5.1,11.8,-0.4
Thu_Mar_02_2023,151380,0,0,-2.93053E-05,0.01514171,0.01520155,0.01491186,174.3,27.1,20,9.621398,800,103.1779,0.7034161,0.134465027,12.3834906,13.576086,3.2325954,0.114656127,0.164137086,-0.8,0.13,-5.1,11.8,-0.4
Thu_Mar_02_2023,157524,0,0,1.52988E-05,0.01523361,0.01490096,0.0152059,172.7,27.1,20,9.621398,800,103.1779,0.7860317,0.346756012,12.3234858,12.150972,1.8674862,0.326947112,0.226336403,-0.8,0.14,-5.1,8.4,-3.8
Thu_Mar_02_2023,163662,0,0,2.84777E-06,0.01514197,0.01487729,0.01501764,171.7,27.1,20,9.621398,800,103.1779,0.9494302,0.614423889,12.2484798,9.450756,-0.7577238,0.594614989,0.509688846,-0.9,0.15,-5.1,8.1,-4.1
Thu_Mar_02_2023,169803,0,0,-3.89149E-06,0.01490792,0.01497553,0.01487322,171.3,27.1,20,9.621398,800,103.1779,0.8208835,0.848889099,12.0834666,6.450516,-3.5929506,0.829080199,0.831051983,-0.8,0.16,-5.1,4.7,-7.5
Thu_Mar_02_2023,175942,0,0,4.00768E-05,0.0150118,0.01482116,0.0147544,168.3,27.1,20,9.621398,800,103.1779,0.6439641,1.130769775,11.475918,2.775222,-6.660696,1.130769775,1.09367132,-0.8,0.17,-5.1,1.1,-11.1
Thu_Mar_02_2023,182076,0,0,2.80978E-06,0.01501888,0.0149312,0.01512777,164.7,27.1,20,9.621398,800,103.1779,0.4629829,1.434151123,9.5332626,-3.225258,-10.7185206,1.434151123,1.415034457,-0.9,0.18,-5.1,-4.9,-17.1
Thu_Mar_02_2023,188208,0,0,-9.35254E-06,0.01512049,0.01508535,0.01528881,161.1,27.1,20,9.621398,800,103.1779,0.8559969,1.579516724,6.37551,-6.150492,-10.486002,1.608889679,1.551527402,-0.9,0.19,-5.1,-7.8,-20
Thu_Mar_02_2023,194349,0,0,-4.44849E-07,0.01576261,0.01497703,0.01515268,159.4,27.1,20,9.621398,800,103.1779,0.6914455,1.876526489,3.862809,-12.676014,-14.498823,1.933384125,1.897079162,-0.8,0.2,-5.1,-13.7,-25.9
Thu_Mar_02_2023,200490,0,0,8.34923E-06,0.01536183,0.01487588,0.01493154,157,27.1,20,9.621398,800,103.1779,0.8134058,2.131564209,0.5475438,-18.301464,-16.8090078,2.212022516,2.047394178,-0.8,0.21,-5.1,-19.8,-32
Thu_Mar_02_2023,206630,0,0,3.62566E-05,0.01520558,0.01539178,0.01516574,149.7,27.1,20,9.621398,800,103.1779,0.8228235,2.309811035,-2.2351788,-22.87683,-18.6016512,2.406763941,2.278913857,-0.8,0.22,-5.1,-24.5,-36.7
Thu_Mar_02_2023,212770,0,0,1.00855E-05,0.01496789,0.01499747,0.01484426,146.2,27.1,20,9.621398,800,103.1779,0.9539126,2.563813232,-4.8903912,-31.052484,-24.1220928,2.684270985,2.501794742,-0.8,0.23,-5.1,-32.2,-44.4
Thu_Mar_02_2023,218912,0,0,-4.76897E-05,0.01517642,0.01511789,0.01520038,143.6,27.1,20,9.621398,800,103.1779,0.9314142,2.250141357,-8.3856708,-37.202976,-26.762304,2.341572553,2.771325115,-0.9,0.24,-5.1,-37.8,-50
Thu_Mar_02_2023,231114,0,0,6.54361E-05,0.01547963,0.01471293,0.01527564,135.3,27.1,20,9.621398,800,103.1779,0.7210861,2.937051758,-13.2460596,-43.353468,-28.0674084,3.092048244,2.900907025,-0.9,0.25,-5.1,-44.5,-56.7
Thu_Mar_02_2023,237255,0,0,-2.8161E-05,0.01530171,0.01520529,0.01524796,134.5,27.1,20,9.621398,800,103.1779,0.7120797,3.102757324,-15.9462756,-48.903912,-30.9176364,3.273087867,3.08059394,-0.8,0.26,-5.1,-49.8,-62
Thu_Mar_02_2023,243396,0,0,-2.91158E-05,0.01493943,0.01530577,0.01526388,131.5,27.1,20,9.621398,800,103.1779,0.4255866,3.236052002,-20.139111,-53.854308,-31.675197,3.418717363,3.122060152,-0.8,0.27,-5.1,-55.3,-67.5
Thu_Mar_02_2023,249525,0,0,3.93103E-06,0.01516227,0.01487114,0.01513564,131.5,27.1,20,9.621398,800,103.1779,0.8979615,3.286328857,-21.2717016,-55.354428,-32.0427264,3.473646736,3.192898262,-0.8,0.28,-5.1,-55.8,-68
Thu_Mar_02_2023,255661,0,0,-3.17242E-05,0.01513851,0.01504837,0.01498228,130.3,27.1,20,9.621398,800,103.1779,0.7116486,3.394307861,-23.3718696,-59.929794,-34.5179244,3.591617897,3.260280856,-0.9,0.29,-5.1,-59.2,-71.4
Thu_Mar_02_2023,261802,0,0,-3.39952E-05,0.01518045,0.01514896,0.01526527,128,27.1,20,9.621398,800,103.1779,0.6309898,3.486509033,-24.3319464,-63.830106,-37.4581596,3.692351178,3.386407248,-0.8,0.3,-5.1,-65,-77.2
Thu_Mar_02_2023,267943,0,0,3.4657E-05,0.01499222,0.01524168,0.01527499,127.2,27.1,20,9.621398,800,103.1779,0.7653137,3.54854541,-25.7120568,-67.355388,-39.6033312,3.760128275,3.472795188,-0.8,0.31,-5.1,-68.7,-80.9
Thu_Mar_02_2023,274084,0,0,6.90616E-05,0.01521921,0.01509001,0.01484697,123.1,27.1,20,9.621398,800,103.1779,0.5143826,3.605422363,-26.9571564,-69.455556,-40.4583996,3.822268506,3.553999852,-0.8,0.32,-5.1,-69.7,-81.9
Thu_Mar_02_2023,280224,0,0,3.95874E-05,0.01521515,0.01502764,0.01496582,122.4,27.1,20,9.621398,800,103.1779,0.5756355,3.691685791,-27.4671972,-72.38079,-42.8735928,3.916514576,3.695676073,-0.9,0.33,-5.1,-73.2,-85.4
Thu_Mar_02_2023,286365,0,0,1.99905E-05,0.01547767,0.01511697,0.01528483,119.5,27.1,20,9.621398,800,103.1779,0.6641484,3.710328857,-28.4572764,-74.105928,-43.6086516,3.936882833,3.740597802,-0.7,0.34,-5.1,-75.1,-87.3
Thu_Mar_02_2023,292505,0,0,1.97671E-05,0.01493065,0.01505015,0.014875,119.3,27.1,20,9.621398,800,103.1779,0.7636148,3.77523584,-29.3123448,-76.356108,-45.0037632,4.007796176,3.674942968,-0.9,0.35,-5.1,-77.2,-89.4
Thu_Mar_02_2023,298646,0,0,6.07577E-06,0.01515356,0.01498232,0.01486964,118.7,27.1,20,9.621398,800,103.1779,1.003446,3.792062744,-30.5049402,-78.906312,-46.3613718,4.026180208,3.795886084,-0.9,0.36,-5.1,-79.3,-91.5
Thu_Mar_02_2023,304786,0,0,2.89283E-05,0.01526517,0.01486583,0.01541003,115.3,27.1,20,9.621398,800,103.1779,0.8386323,3.864439941,-32.2600806,-81.306504,-47.0064234,4.105255044,3.804524878,-0.9,0.37,-5.1,-80.9,-93.1
Thu_Mar_02_2023,310928,0,0,1.61995E-05,0.01506869,0.01528743,0.01482682,114.4,27.1,20,9.621398,800,103.1779,0.7845478,3.124738281,-32.9051322,-82.356588,-47.4114558,3.297102897,3.868451953,-0.8,0.38,-5.1,-83.5,-95.7
Thu_Mar_02_2023,317066,0,0,3.13899E-05,0.01523386,0.01489239,0.01536985,113.1,27.1,20,9.621398,800,103.1779,0.9435708,3.960886719,-33.4976796,-82.956636,-47.4189564,4.21062681,3.904734888,-0.9,0.39,-5.1,-84.8,-97
Thu_Mar_02_2023,323209,0,0,3.47473E-05,0.01521257,0.01470546,0.01485344,113.7,27.1,20,9.621398,800,103.1779,0.565932,3.970387695,-34.6377708,-86.181894,-49.5041232,4.221006987,3.794158325,-0.8,0.4,-5.1,-85.9,-98.1
Thu_Mar_02_2023,329350,0,0,-3.43407E-05,0.01519518,0.01548565,0.01526299,111.1,27.1,20,9.621398,800,103.1779,0.597962,4.003511963,-35.4253338,-88.13205,-50.6667162,4.257196507,4.034316798,-0.9,0.41,-5.1,-87.5,-99.7
Thu_Mar_02_2023,335490,0,0,-4.60612E-05,0.01478054,0.0148965,0.01515356,110.9,27.1,20,9.621398,800,103.1779,0.5240601,4.059374268,-37.2104766,-89.557164,-50.3066874,4.318228196,4.025678004,-0.9,0.42,-5.1,-91.6,-103.8
Thu_Mar_02_2023,341631,0,0,2.91653E-05,0.01525284,0.01481905,0.0152908,109,27.1,20,9.621398,800,103.1779,0.5617102,4.08959375,-38.6805942,-92.107368,-51.3867738,4.351244128,3.96002317,-0.9,0.43,-5.1,-91.8,-104
Thu_Mar_02_2023,347771,0,0,4.92613E-06,0.01507686,0.01519785,0.01505738,106.2,27.1,20,9.621398,800,103.1779,0.9418913,4.11656543,-39.8056842,-93.082446,-51.2367618,4.380711712,3.961750928,-0.9,0.44,-5.1,-93,-105.2
Thu_Mar_02_2023,353913,0,0,2.68286E-05,0.01485576,0.01471298,0.01528704,105.3,27.1,20,9.621398,800,103.1779,0.9495897,4.16755957,-40.0982076,-95.25762,-53.1194124,4.436424746,4.118976979,-0.8,0.45,-5.1,-96,-108.2
Thu_Mar_02_2023,360045,0,0,7.0556E-07,0.01506091,0.01517498,0.01527796,104.9,27.1,20,9.621398,800,103.1779,0.8664266,4.21563916,-41.1257898,-96.232698,-53.0669082,4.488953524,4.105154909,-0.9,0.46,-5.1,-95.8,-108
Thu_Mar_02_2023,366178,0,0,-2.94942E-05,0.01500918,0.01523703,0.01495619,104.4,27.1,20,9.621398,800,103.1779,0.7243809,4.169947754,-41.3808102,-96.307704,-52.8868938,4.439033928,3.958295411,-0.8,0.47,-5.1,-97.8,-110
Thu_Mar_02_2023,372318,0,0,6.5829E-05,0.01527239,0.01522841,0.01520763,102.6,27,20,9.621398,800,103.1779,0.6509125,4.213356445,-41.6508318,-99.157932,-55.4671002,4.486459571,4.155259914,-0.8,0.48,-5.1,-99.2,-111.4
Thu_Mar_02_2023,378459,0,0,5.27989E-05,0.01529198,0.01516,0.01497058,102,27.1,20,9.621398,800,103.1779,0.7239588,4.257100098,-42.828426,-100.13301,-55.264584,4.534251172,4.084421803,-0.8,0.49,-5.1,-99.8,-112
Thu_Mar_02_2023,384601,0,0,-6.8502E-06,0.01515298,0.01518172,0.01525751,100,27.1,20,9.621398,800,103.1779,0.5411857,4.191223633,-43.6009878,-99.607968,-53.9669802,4.462278633,4.058505421,-0.9,0.5,-5.1,-100,-112.2
Thu_Mar_02_2023,390740,0,0,-1.73795E-05,0.01517411,0.01511472,0.01470255,101,27.1,20,9.621398,800,103.1779,0.6842077,4.250156738,-43.991019,-103.058244,-57.027225,4.526665288,4.101699391,-0.8,0.51,-5.1,-101.9,-114.1
Thu_Mar_02_2023,396880,0,0,-2.96049E-05,0.01531058,0.01509549,0.01522379,99.1,27.1,20,9.621398,800,103.1779,0.7926362,4.282092285,-44.4335544,-103.13325,-56.6596956,4.561556086,4.252014407,-0.8,0.52,-5.1,-103.8,-116
Thu_Mar_02_2023,403009,0,0,2.88996E-05,0.01496175,0.01496554,0.01507748,99,27.1,20,9.621398,800,103.1779,0.648492,4.294103516,-45.0261018,-103.50828,-56.4421782,4.574678811,4.281386306,-0.8,0.53,-5.1,-105.7,-117.9
Thu_Mar_02_2023,409146,0,0,-1.11736E-05,0.01511724,0.0151475,0.01507865,97.5,27.1,20,9.621398,800,103.1779,0.4504162,4.290120117,-44.9360946,-105.0084,-58.0323054,4.570326797,4.226098025,-0.8,0.54,-5.1,-103.4,-115.6
Thu_Mar_02_2023,415288,0,0,-1.11736E-05,0.01511724,0.0151475,0.01507865,97.5,27.1,20,9.621398,800,103.1779,0.4504162,4.344319336,-46.391211,-107.333586,-58.902375,4.629541501,4.283114065,-0.8,0.55,-5.1,-107,-119.2
Thu_Mar_02_2023,421427,0,0,-1.11736E-05,0.01511724,0.0151475,0.01507865,97.5,27.1,20,9.621398,800,103.1779,0.4504162,4.356232422,-46.2637008,-105.908472,-57.6047712,4.642557,4.319397,-0.8,0.56,-5.1,-108.8,-121
Thu_Mar_02_2023,427557,0,0,-1.11736E-05,0.01511724,0.0151475,0.01507865,97.5,27.1,20,9.621398,800,103.1779,0.4504162,4.326392578,-46.3987116,-106.50852,-58.0698084,4.609955838,4.331491312,-0.8,0.57,-5.1,-105.3,-117.5
Thu_Mar_02_2023,433694,0,0,-1.09434E-05,0.01510856,0.01504196,0.01520214,90.6,27.1,20,9.621398,800,103.1779,0.7431642,4.341141113,-46.7437392,-107.333586,-58.5498468,4.626069172,4.322852518,-0.8,0.58,-5.1,-107.1,-119.3
Thu_Mar_02_2023,445928,0,0,-6.19987E-05,0.01498521,0.01518076,0.01481643,90.3,27.1,20,9.621398,800,103.1779,0.8623225,4.36523291,-46.8337464,-107.333586,-58.4598396,4.652390375,4.252014407,-0.8,0.59,-5.1,-108,-120.2
Thu_Mar_02_2023,452069,0,0,-4.77374E-05,0.01495734,0.01494064,0.0150303,91.3,27.1,20,9.621398,800,103.1779,0.7685901,4.336097168,-47.141271,-108.683694,-59.502423,4.62055847,4.248558889,-0.8,0.6,-5.1,-109.4,-121.6
Thu_Mar_02_2023,458210,0,0,6.80418E-06,0.01494357,0.01522985,0.01505099,91.4,27.1,20,9.621398,800,103.1779,0.7892422,4.331020996,-46.1361906,-107.483598,-59.3074074,4.61501256,4.295208377,-0.8,0.61,-5.1,-108.2,-120.4
Thu_Mar_02_2023,464350,0,0,-3.30661E-06,0.01497495,0.01497767,0.01484692,90,27.1,20,9.621398,800,103.1779,0.6729157,4.253070801,-46.1511918,-108.7587,-59.652435,4.529849012,4.355679935,-0.8,0.62,-5.1,-107.6,-119.8
Thu_Mar_02_2023,470490,0,0,-1.84277E-05,0.01501183,0.01519606,0.01510596,91,27,20,9.621398,800,103.1779,0.8594642,4.386982422,-47.8613286,-109.583766,-59.6824374,4.676152542,4.267564236,-0.8,0.63,-5.1,-109.6,-121.8
Thu_Mar_02_2023,476632,0,0,5.13022E-05,0.01512024,0.01515614,0.01519724,91,27.1,20,9.621398,800,103.1779,0.5387564,4.362304199,-47.441295,-111.00888,-61.527585,4.649190647,4.220914748,-0.8,0.64,-5.1,-107.1,-119.3
Thu_Mar_02_2023,482771,0,0,-1.19739E-05,0.01506176,0.01503522,0.01510775,89.6,27,20,9.621398,800,103.1779,0.7902179,4.383856934,-47.0062602,-113.484078,-64.4378178,4.672737828,4.167354226,-0.8,0.65,-5.1,-110.6,-122.8
Thu_Mar_02_2023,488913,0,0,6.12323E-05,0.0152088,0.01497054,0.01531779,91.2,27.1,20,9.621398,800,103.1779,0.5345442,4.371085449,-48.228858,-110.333826,-60.064968,4.658784496,4.277930789,-0.8,0.66,-5.1,-110.6,-122.8
Thu_Mar_02_2023,495046,0,0,2.70462E-05,0.01468636,0.01499745,0.01502356,90.7,27.1,20,9.621398,800,103.1779,0.8920593,4.445622559,-47.3962914,-112.13397,-62.6976786,4.740219118,4.214003713,-0.8,0.67,-5.1,-110,-122.2
Thu_Mar_02_2023,501178,0,0,5.67743E-05,0.01531694,0.01513243,0.01533297,92.8,27.1,20,9.621398,800,103.1779,0.7109666,4.425841309,-47.2762818,-111.908952,-62.5926702,4.718607351,4.291752859,-0.8,0.68,-5.1,-111.2,-123.4
Thu_Mar_02_2023,507318,0,0,5.92961E-06,0.01512017,0.01500836,0.01477521,91.9,27,20,9.621398,800,103.1779,0.5862331,4.410932129,-47.6888148,-110.783862,-61.0550472,4.702318506,4.386779593,-0.8,0.69,-5.1,-114.5,-126.7
Thu_Mar_02_2023,513459,0,0,8.65328E-06,0.01495116,0.01522441,0.01481233,92.6,27.1,20,9.621398,800,103.1779,0.769275,4.423794434,-47.591307,-111.308904,-61.677597,4.716371063,4.39196287,-0.8,0.7,-5.1,-113.8,-126
Thu_Mar_02_2023,519599,0,0,-1.14964E-05,0.01517378,0.01504804,0.0148892,91.7,27.1,20,9.621398,800,103.1779,0.6603972,4.428230957,-49.728978,-111.75894,-59.989962,4.721218133,4.303847171,-0.8,0.71,-5.1,-114.7,-126.9
Thu_Mar_02_2023,525740,0,0,4.41478E-05,0.01521828,0.01511124,0.01508537,93.2,27.1,20,9.621398,800,103.1779,0.4578273,4.385731445,-48.6938952,-109.733778,-58.9998828,4.674785803,4.271019754,-0.9,0.72,-5.1,-112.4,-124.6
Thu_Mar_02_2023,531881,0,0,3.25557E-05,0.01514088,0.01501217,0.01493769,93.8,27.1,20,9.621398,800,103.1779,0.8935984,4.379703613,-48.9114126,-111.683934,-60.7325214,4.668200167,4.343585623,-0.8,0.73,-5.1,-111.2,-123.4
Thu_Mar_02_2023,538009,0,0,-2.75451E-06,0.01514804,0.01498404,0.01498698,93,27.1,20,9.621398,800,103.1779,0.743283,4.366124512,-49.6614726,-112.509,-60.8075274,4.653364483,4.322852518,-0.8,0.74,-5.1,-112.1,-124.3
Thu_Mar_02_2023,544146,0,0,3.23635E-05,0.01539209,0.0148564,0.01512838,94.1,27.1,20,9.621398,800,103.1779,0.5908418,3.97847876,-49.241439,-111.00888,-59.727441,4.229846782,4.400601664,-0.8,0.75,-5.1,-112.7,-124.9
Thu_Mar_02_2023,550287,0,0,-2.66631E-05,0.01537379,0.01489619,0.01515354,92.1,27.1,20,9.621398,800,103.1779,0.9421821,4.451812012,-49.7514798,-111.75894,-59.9674602,4.74698133,4.390235111,-0.9,0.76,-5.1,-111.3,-123.5
Thu_Mar_02_2023,556427,0,0,8.54739E-06,0.01511841,0.01486971,0.01513851,93.5,27.1,20,9.621398,800,103.1779,0.4521925,4.451043945,-49.87899,-112.809024,-60.890034,4.746142189,4.433429081,-0.9,0.77,-5.1,-113,-125.2
Thu_Mar_02_2023,562556,0,0,3.03507E-05,0.01491535,0.01503922,0.01525405,93.8,27.1,20,9.621398,800,103.1779,0.6470409,4.402184082,-49.8564882,-112.809024,-60.9125358,4.692760933,4.388507352,-0.8,0.78,-5.1,-113.6,-125.8
Thu_Mar_02_2023,568692,0,0,1.89577E-05,0.01502207,0.01503376,0.0147642,94,27.1,20,9.621398,800,103.1779,0.6926852,4.425330566,-50.1190092,-112.734018,-60.5750088,4.718049346,4.284841824,-0.9,0.79,-5.1,-113.5,-125.7
Thu_Mar_02_2023,586006,20003.69,0.6537821,0.6525964,0.4540598,0.4709916,0.4656899,119,27.1,20,9.621398,800,103.1779,6.569779,0.102541092,10.3958316,91.88235,83.5265184,0.082732192,0.074293628,-0.8,0.1,-5.1,95.2,83
Thu_Mar_02_2023,592147,20001.37,0.6441079,0.6435658,0.4472549,0.461577,0.4583529,134.1,27.1,20,9.621398,800,103.1779,6.705321,0.104826859,10.3208256,92.407392,84.1265664,0.085017959,0.14340398,-0.9,0.11,-5.1,94.9,82.7
Thu_Mar_02_2023,598288,20003.55,0.6382867,0.637544,0.4466349,0.4616375,0.45616,142.4,27.1,20,9.621398,800,103.1779,7.076216,0.105405151,10.350828,91.957356,83.646528,0.085596251,0.070838111,-0.8,0.12,-5.1,94.9,82.7
Thu_Mar_02_2023,604424,20000.35,0.6357111,0.634799,0.4432239,0.458263,0.4527842,148.3,27.1,20,9.621398,800,103.1779,7.122763,0.108749763,10.3583286,91.50732,83.1889914,0.088940863,0.200420021,-0.8,0.13,-5.1,96.2,84
Thu_Mar_02_2023,610554,20001.79,0.633863,0.6337014,0.4412406,0.4566499,0.4521274,151.9,27.1,20,9.621398,800,103.1779,6.818751,0.113374786,10.3733298,91.957356,83.6240262,0.093565886,0.122670875,-0.8,0.14,-5.1,95.7,83.5
Thu_Mar_02_2023,616691,19999.55,0.6280067,0.6274074,0.4327648,0.4515742,0.4468724,155.2,27.1,20,9.621398,800,103.1779,6.717997,0.343493866,10.013301,87.832026,79.858725,0.323684966,0.369740383,-0.8,0.15,-5.1,90.8,78.6
Thu_Mar_02_2023,622832,20001.41,0.6195861,0.6197854,0.4314447,0.4500235,0.4446215,154.8,27.1,20,9.621398,800,103.1779,6.509315,0.630024475,9.37575,82.056564,74.720814,0.610215575,0.57534368,-0.7,0.16,-5.1,85.1,72.9
Thu_Mar_02_2023,628972,20002.46,0.6180228,0.6185844,0.4282907,0.4459977,0.4414223,157.1,27.1,20,9.621398,800,103.1779,6.343976,0.775343079,8.775702,79.356348,72.620646,0.755534179,0.741208525,-0.8,0.17,-5.1,82.7,70.5
Thu_Mar_02_2023,635112,19999.3,0.6040202,0.6051446,0.4212036,0.4341569,0.4310039,152,27.1,20,9.621398,800,103.1779,6.451926,1.307698975,5.6404512,66.830346,63.2298948,1.307698975,1.314824447,-0.9,0.18,-5.1,69.4,57.2
Thu_Mar_02_2023,641253,19999.01,0.5998029,0.598918,0.4185372,0.4325861,0.4274764,152.8,27.1,20,9.621398,800,103.1779,6.022249,1.49425061,4.2453396,61.729938,59.5245984,1.49425061,1.440950839,-0.8,0.19,-5.1,64.6,52.4
Thu_Mar_02_2023,647394,20003.67,0.5970377,0.5971026,0.4149592,0.4303819,0.4247306,149.8,27.1,20,9.621398,800,103.1779,6.070676,1.65835144,1.8526482,56.479518,56.6668698,1.695019601,1.643098619,-0.8,0.2,-5.1,59.5,47.3
Thu_Mar_02_2023,653523,19998.76,0.5921057,0.5910734,0.4103435,0.4250245,0.4204459,145.4,27.1,20,9.621398,800,103.1779,6.367075,1.99820874,-1.8451476,47.178774,51.0639216,2.066326604,1.988650379,-0.8,0.21,-5.1,49.1,36.9
Thu_Mar_02_2023,659675,19998.35,0.5868188,0.5858814,0.4060644,0.4236792,0.4171879,145.2,27.2,20,9.621398,800,103.1779,6.620131,2.335191406,-6.2029962,38.928114,47.1711102,2.43449296,2.237447646,-0.8,0.22,-5.1,40.3,28.1
Thu_Mar_02_2023,665813,20002.01,0.5793062,0.5785019,0.4012307,0.4163499,0.4119111,142.1,27.2,20,9.621398,800,103.1779,6.331316,2.610334717,-10.1483118,31.577526,43.7658378,2.735097473,2.482789396,-0.8,0.23,-5.1,33.5,21.3
Thu_Mar_02_2023,671953,19999.12,0.5752681,0.5748267,0.3988028,0.4154074,0.4090704,138.2,27.2,20,9.621398,800,103.1779,6.155529,2.742052246,-12.3159852,28.052244,42.4082292,2.879003874,2.629648894,-0.9,0.24,-5.1,29.8,17.6
Thu_Mar_02_2023,678078,20003.96,0.5702429,0.5693097,0.3940572,0.4100914,0.4054044,137.7,27.2,20,9.621398,800,103.1779,6.017015,3.000833252,-16.1862948,20.401632,38.6279268,3.161731948,2.847346502,-0.8,0.25,-5.1,21.7,9.5
Thu_Mar_02_2023,684218,19997.47,0.5717371,0.5702941,0.3904379,0.4124666,0.4046009,133.6,27.2,20,9.621398,800,103.1779,5.906764,3.215098145,-19.8840906,13.50108,35.4251706,3.395824478,3.144521016,-0.8,0.26,-5.1,14.5,2.3
Thu_Mar_02_2023,690360,19999.77,0.5678357,0.5684482,0.3894726,0.410168,0.4024947,130,27.2,20,9.621398,800,103.1779,6.081944,3.256429199,-21.4817184,10.275822,33.7975404,3.440980224,3.229181197,-0.9,0.27,-5.1,12.4,0.2
Thu_Mar_02_2023,696500,20003.78,0.5616715,0.56231,0.3893633,0.4079461,0.4000795,129.1,27.2,20,9.621398,800,103.1779,6.317221,3.458122559,-24.7744818,5.025402,31.8398838,3.661337877,3.28274172,-0.9,0.28,-5.1,5.3,-6.9
Thu_Mar_02_2023,702641,20001.01,0.5584394,0.5588362,0.3873638,0.4049851,0.3990355,123,27.2,20,9.621398,800,103.1779,5.988862,3.584114502,-27.6547122,-0.150012,29.5447002,3.798988858,3.448606565,-0.8,0.29,-5.1,0.7,-11.5
Thu_Mar_02_2023,708781,20000.97,0.5572149,0.5577022,0.3856654,0.4030097,0.3956666,122,27.2,20,9.621398,800,103.1779,5.931833,3.716073242,-30.6924552,-5.62545,27.1070052,3.943158792,3.680126244,-0.8,0.3,-5.1,-3.2,-15.4
Thu_Mar_02_2023,714922,20003.63,0.556209,0.5557731,0.3834737,0.405165,0.3993217,116.9,27.2,20,9.621398,800,103.1779,6.332492,3.756684326,-32.3575884,-7.425594,26.9719944,3.987527943,3.597193822,-0.9,0.31,-5.1,-5.5,-17.7
Thu_Mar_02_2023,721061,20002.83,0.5513132,0.5522847,0.3787634,0.3994395,0.391918,116.1,27.2,20,9.621398,800,103.1779,5.549809,3.843746582,-35.027802,-11.025882,26.04192,4.082646763,3.792430566,-0.9,0.32,-5.1,-8.4,-20.6
Thu_Mar_02_2023,727212,19998.66,0.5515182,0.5515878,0.380931,0.3945075,0.392805,111.3,27.2,20,9.621398,800,103.1779,5.897305,3.974642822,-37.4579964,-15.976278,23.5217184,4.225655875,3.8874573,-0.8,0.33,-5.1,-12.8,-25
Thu_Mar_02_2023,733353,20001.62,0.5520985,0.5513605,0.3782216,0.3942897,0.3911077,109.6,27.3,20,9.621398,800,103.1779,5.577925,4.040138428,-38.3580684,-17.25138,23.1466884,4.29721231,3.806252636,-0.8,0.34,-5.1,-15.4,-27.6
Thu_Mar_02_2023,739494,19999.68,0.5471725,0.5465672,0.3764435,0.3979561,0.3922243,105.3,27.3,20,9.621398,800,103.1779,5.762947,4.10351416,-40.2332184,-20.851668,21.4215504,4.366452704,3.877090747,-0.8,0.35,-5.1,-19.1,-31.3
Thu_Mar_02_2023,745634,19999.67,0.5473652,0.5478605,0.3778286,0.3929644,0.3880813,103.2,27.3,20,9.621398,800,103.1779,5.519274,4.134510254,-42.1608726,-22.87683,21.3240426,4.400317113,4.105154909,-0.9,0.36,-5.1,-22.4,-34.6
Thu_Mar_02_2023,751775,20002.21,0.5449029,0.5453184,0.3774303,0.3944577,0.388717,100.1,27.3,20,9.621398,800,103.1779,5.734557,4.225737305,-43.8560082,-25.052004,20.8440042,4.49998613,4.186359572,-0.9,0.37,-5.1,-22.6,-34.8
Thu_Mar_02_2023,757916,20003,0.5421886,0.5422447,0.3736382,0.3908651,0.3850981,98.9,27.3,20,9.621398,800,103.1779,5.871045,4.275181641,-45.941175,-27.452196,20.528979,4.554005944,4.208820437,-0.8,0.38,-5.1,-27.7,-39.9
Thu_Mar_02_2023,764048,20003.3,0.5401119,0.539731,0.3715634,0.3908677,0.384088,95.8,27.3,20,9.621398,800,103.1779,5.518469,4.306031738,-46.691235,-28.652292,20.078943,4.587710847,4.201909402,-0.9,0.39,-5.1,-28.9,-41.1
Thu_Mar_02_2023,770180,19998.76,0.5404529,0.5404252,0.3717617,0.3888792,0.3833735,93.1,27.3,20,9.621398,800,103.1779,5.741678,4.375565918,-49.0614246,-31.277502,19.8239226,4.663679578,4.336674588,-0.9,0.4,-5.1,-30.9,-43.1
Thu_Mar_02_2023,776321,20002.11,0.5415685,0.5408497,0.3714223,0.3904487,0.3861733,91.4,27.3,20,9.621398,800,103.1779,5.291579,4.4599375,-50.5615446,-33.902712,18.6988326,4.755858735,4.331491312,-0.8,0.41,-5.1,-32.9,-45.1
Thu_Mar_02_2023,782462,20004.13,0.537637,0.5377078,0.3725845,0.3912001,0.385068,89.2,27.4,20,9.621398,800,103.1779,5.278859,4.503108887,-52.5342024,-36.827946,17.7462564,4.803025114,4.630393584,-0.9,0.42,-5.1,-35,-47.2
Thu_Mar_02_2023,788583,20002.11,0.5374935,0.5374248,0.3712295,0.3867332,0.3831737,86.5,27.4,20,9.621398,800,103.1779,5.639985,4.582159668,-53.0817462,-37.803024,17.1012048,4.889391094,4.43515684,-0.9,0.43,-5.1,-36.7,-48.9
Thu_Mar_02_2023,794719,20000.03,0.5361065,0.5357099,0.3680345,0.3870646,0.384293,85.8,27.4,20,9.621398,800,103.1779,6.019532,4.582470703,-54.0493236,-38.928114,17.1612096,4.889730911,4.476623051,-0.8,0.44,-5.1,-37.1,-49.3
Thu_Mar_02_2023,800858,19996.23,0.5386846,0.5402277,0.3695635,0.3877997,0.3810009,82.5,27.4,20,9.621398,800,103.1779,6.04022,4.617443848,-54.491859,-41.703336,14.828523,4.927940399,4.595838408,-0.9,0.45,-5.1,-42.9,-55.1
Thu_Mar_02_2023,807000,20002.14,0.5356442,0.5346683,0.3731487,0.3876504,0.3833553,81.9,27.4,20,9.621398,800,103.1779,5.776203,4.701439453,-57.0345624,-42.37839,16.6961724,5.019708787,4.571649785,-0.9,0.46,-5.1,-43.2,-55.4
Thu_Mar_02_2023,813140,19998.03,0.5371651,0.5364099,0.3682756,0.3891133,0.3818683,79.5,27.4,20,9.621398,800,103.1779,5.780721,4.693698242,-57.1395708,-43.50348,15.6760908,5.011251221,4.606204961,-0.9,0.47,-5.1,-44.4,-56.6
Thu_Mar_02_2023,819281,19999.86,0.5371559,0.5374865,0.3696632,0.3883204,0.3804781,79.3,27.4,20,9.621398,800,103.1779,5.513042,4.782680176,-58.729698,-45.37863,15.391068,5.108467361,4.683954107,-0.9,0.48,-5.1,-47,-59.2
Thu_Mar_02_2023,825421,20002.99,0.5331101,0.5329069,0.3693115,0.3860789,0.381422,77,27.4,20,9.621398,800,103.1779,5.566571,4.757788086,-59.2397388,-46.278702,15.0010368,5.081271808,4.566466508,-0.8,0.49,-5.1,-49.1,-61.3
Thu_Mar_02_2023,831551,19998.04,0.5347996,0.5353165,0.3633386,0.3865795,0.3798888,77.9,27.4,20,9.621398,800,103.1779,5.503869,4.79126416,-60.9648768,-47.853828,15.1510488,5.11784569,4.645943413,-0.9,0.5,-5.1,-47.6,-59.8
Thu_Mar_02_2023,837687,20002.03,0.5321083,0.5331956,0.3680059,0.384138,0.3780741,76.2,27.5,20,9.621398,800,103.1779,5.33748,4.761348145,-61.1523918,-49.203936,13.9884558,5.085161307,4.806624982,-0.8,0.51,-5.1,-47.9,-60.1
Thu_Mar_02_2023,843837,20002.09,0.5335484,0.5342249,0.3679901,0.3868913,0.3815665,73.4,27.5,20,9.621398,800,103.1779,5.775604,4.850131348,-62.742519,-48.303864,16.478655,5.182160327,4.88091861,-0.9,0.52,-5.1,-48.6,-60.8
Thu_Mar_02_2023,849978,19997.45,0.5337475,0.5328691,0.3676756,0.3873877,0.3797672,71.8,27.5,20,9.621398,800,103.1779,5.583492,4.802111816,-62.9450352,-49.803984,15.1810512,5.129697166,4.834269122,-0.8,0.53,-5.1,-51.2,-63.4
Thu_Mar_02_2023,856118,19999.97,0.5360293,0.5352844,0.3708091,0.3883962,0.3836329,71.9,27.5,20,9.621398,800,103.1779,6.015975,4.918655762,-65.2852224,-52.12917,15.1960524,5.257025851,4.80835274,-0.9,0.54,-5.1,-52.2,-64.4
Thu_Mar_02_2023,862259,20003.76,0.5331291,0.5307483,0.3682968,0.3883223,0.3807701,70.7,27.5,20,9.621398,800,103.1779,5.446661,4.917468262,-65.9377746,-52.354188,15.6235866,5.255728462,4.841180158,-0.7,0.55,-5.1,-53.5,-65.7
Thu_Mar_02_2023,868401,19999.32,0.5339234,0.5334834,0.3687294,0.3850525,0.3786206,71,27.5,20,9.621398,800,103.1779,5.417698,4.933393066,-66.8003436,-51.604128,17.2362156,5.273126916,4.861913263,-0.9,0.56,-5.1,-51.5,-63.7
Thu_Mar_02_2023,874529,19999.97,0.5333537,0.5341236,0.3660569,0.3844719,0.3797746,70,27.5,20,9.621398,800,103.1779,5.40344,4.942980957,-65.030202,-54.679374,12.390828,5.283602051,4.844635675,-0.9,0.57,-5.1,-54.6,-66.8
Thu_Mar_02_2023,880666,20000.6,0.5325488,0.5323867,0.3683272,0.3881804,0.3802881,69.6,27.5,20,9.621398,800,103.1779,5.664101,5.02304541,-67.0028598,-53.62929,15.4135698,5.371075505,4.893012922,-0.8,0.58,-5.1,-51.1,-63.3
Thu_Mar_02_2023,886806,20002.79,0.5323004,0.5322283,0.3679378,0.3849026,0.3801531,69.1,27.5,20,9.621398,800,103.1779,5.956719,4.957737793,-68.3829702,-56.479518,13.9434522,5.299724454,4.972489826,-0.8,0.59,-5.1,-52.1,-64.3
Thu_Mar_02_2023,892947,20000.89,0.5324917,0.5318758,0.3673249,0.3866633,0.3803936,68.6,27.5,20,9.621398,800,103.1779,5.601218,4.993231934,-68.0079402,-54.904392,15.1435482,5.33850315,4.944845686,-0.8,0.6,-5.1,-57.4,-69.6
Thu_Mar_02_2023,899088,19999.97,0.533076,0.5328302,0.3663529,0.3831012,0.3807102,68.7,27.5,20,9.621398,800,103.1779,5.69354,5.026799316,-69.2530398,-56.704536,14.5885038,5.375176791,4.830813605,-0.9,0.61,-5.1,-54.5,-66.7
Thu_Mar_02_2023,905229,20000.21,0.5337805,0.5338029,0.3674738,0.3866946,0.38108,68.3,27.6,20,9.621398,800,103.1779,5.603677,5.05354834,-69.0730254,-53.854308,17.2587174,5.404401114,4.91029051,-0.9,0.62,-5.1,-53.7,-65.9
Thu_Mar_02_2023,911370,20000.72,0.5330785,0.5327731,0.3679736,0.3867551,0.3796275,66.7,27.6,20,9.621398,800,103.1779,5.18663,5.023337402,-69.0130206,-55.729458,15.3235626,5.371394518,4.860185504,-0.8,0.63,-5.1,-53.5,-65.7
Thu_Mar_02_2023,917510,19998.62,0.5329572,0.5330518,0.3662857,0.3834271,0.3785167,65.9,27.6,20,9.621398,800,103.1779,5.168695,5.042448242,-70.543143,-57.979638,14.603505,5.392273836,5.112438289,-0.9,0.64,-5.1,-57,-69.2
Thu_Mar_02_2023,923651,19999.56,0.5330657,0.532257,0.3646083,0.3847974,0.3785288,66,27.6,20,9.621398,800,103.1779,5.589688,5.019193359,-68.667993,-56.854548,13.853445,5.366866994,5.043327937,-0.8,0.65,-5.1,-55.7,-67.9
Thu_Mar_02_2023,929792,19999.59,0.5323656,0.5324929,0.3658157,0.385076,0.3806332,66.4,27.6,20,9.621398,800,103.1779,5.305219,5.035950195,-69.8905908,-56.929554,15.0010368,5.385174473,5.013956038,-0.9,0.66,-5.1,-57.6,-69.8
Thu_Mar_02_2023,935932,20000.12,0.5318294,0.5314764,0.3665716,0.3867794,0.3800118,66.9,27.6,20,9.621398,800,103.1779,5.626524,5.047877441,-71.518221,-57.37959,16.178631,5.398205442,5.000133967,-0.9,0.67,-5.1,-57.1,-69.3
Thu_Mar_02_2023,942066,20005.16,0.5287588,0.5286942,0.3673574,0.3827457,0.3765221,66.6,27.6,20,9.621398,800,103.1779,5.920902,5.108337402,-70.3856304,-57.679614,14.7460164,5.464260245,5.103799495,-0.8,0.68,-5.1,-57,-69.2
Thu_Mar_02_2023,948198,19998.99,0.5325483,0.5329795,0.3659921,0.3866463,0.3791718,66.8,27.6,20,9.621398,800,103.1779,5.880331,5.074054199,-71.3982114,-58.354668,15.0835434,5.426804544,5.051966731,-0.9,0.69,-5.1,-57,-69.2
Thu_Mar_02_2023,954338,20001.75,0.5295698,0.5298018,0.3661036,0.3814502,0.3760709,66.3,27.6,20,9.621398,800,103.1779,5.555542,5.106953125,-70.9706772,-57.454596,15.5560812,5.46274787,5.05369449,-0.9,0.7,-5.1,-58.3,-70.5
Thu_Mar_02_2023,960479,20000,0.5311159,0.5309917,0.3641601,0.3847859,0.3787142,65.5,27.6,20,9.621398,800,103.1779,5.605141,5.034148438,-69.8755896,-55.729458,16.1861316,5.383205984,5.08306639,-0.8,0.71,-5.1,-59.6,-71.8
Thu_Mar_02_2023,966620,19999.31,0.5324212,0.5334646,0.3658071,0.3812047,0.3776273,65,27.6,20,9.621398,800,103.1779,5.243768,5.035385254,-72.1632726,-59.779782,14.4234906,5.384557253,4.936206892,-0.8,0.72,-5.1,-61.6,-73.8
Thu_Mar_02_2023,972760,19999.28,0.5325691,0.5317022,0.3650355,0.3835228,0.3802216,63.1,27.6,20,9.621398,800,103.1779,5.524032,5.052795898,-69.5080602,-56.854548,14.6935122,5.403579043,5.026050349,-0.8,0.73,-5.1,-59,-71.2
Thu_Mar_02_2023,978902,19997.07,0.531009,0.5303984,0.3656708,0.3817527,0.3738683,63.7,27.6,20,9.621398,800,103.1779,5.670859,5.081294922,-71.9382546,-55.954476,18.0237786,5.434715309,4.92411258,-0.8,0.74,-5.1,-62.1,-74.3
Thu_Mar_02_2023,991082,20002.38,0.5308797,0.5307225,0.3683881,0.3839546,0.379075,63.9,27.6,20,9.621398,800,103.1779,5.542332,5.111570801,-72.8158248,-58.579686,16.2761388,5.467792856,4.915473786,-0.7,0.75,-5.1,-62.5,-74.7
Thu_Mar_02_2023,997213,20000.87,0.5301481,0.5298266,0.3663687,0.3856696,0.3791586,62.5,27.7,20,9.621398,800,103.1779,5.776946,5.141443848,-72.6283098,-59.62977,15.0385398,5.500430294,5.103799495,-0.8,0.76,-5.1,-61.5,-73.7
Thu_Mar_02_2023,1003354,20002.6,0.5316551,0.5310396,0.3657672,0.3838981,0.3802065,64.4,27.7,20,9.621398,800,103.1779,5.391509,5.115180176,-73.2283578,-58.50468,16.7636778,5.471736235,4.818719293,-0.7,0.77,-5.1,-61.6,-73.8
Thu_Mar_02_2023,1009494,19998.66,0.5318002,0.5315318,0.3629726,0.3847403,0.3773106,63.9,27.7,20,9.621398,800,103.1779,5.21904,4.837635742,-71.668233,-61.279902,12.428331,5.168508404,5.103799495,-0.9,0.78,-5.1,-61.1,-73.3
Thu_Mar_02_2023,1015635,20002.51,0.5300635,0.5293019,0.3666132,0.3857266,0.3793753,64.6,27.7,20,9.621398,800,103.1779,5.502857,5.095237793,-71.5107204,-60.0048,13.5459204,5.449948425,5.089977425,-0.9,0.79,-5.1,-58,-70.2
Thu_Mar_02_2023,1032948,24999.19,0.8338993,0.8343343,0.5737554,0.5982522,0.5947195,92,27.7,20,9.621398,800,103.1779,11.08333,0.092728722,9.4957596,137.26098,129.8052204,0.072919822,0.088115699,-0.8,0.1,-5.1,140.6,128.4
Thu_Mar_02_2023,1039088,25000.93,0.8279023,0.8289895,0.5730099,0.597244,0.5875672,102.4,27.7,20,9.621398,800,103.1779,10.52875,0.084463409,9.5032602,138.086046,130.6227858,0.064654509,0.044921729,-0.9,0.11,-5.1,141.3,129.1
Thu_Mar_02_2023,1045230,24999.29,0.8307895,0.830681,0.5708756,0.5950349,0.591688,114,27.7,20,9.621398,800,103.1779,10.35364,0.081675049,9.4957596,137.786022,130.3302624,0.061866149,0.041466211,-0.8,0.12,-5.1,140.7,128.5
Thu_Mar_02_2023,1051370,25001.32,0.830173,0.8296623,0.5730187,0.6001061,0.593617,119.9,27.7,20,9.621398,800,103.1779,10.79875,0.080780563,9.5182614,137.711016,130.2327546,0.060971663,0.074293628,-0.8,0.13,-5.1,142,129.8
Thu_Mar_02_2023,1057510,24999.69,0.8287829,0.8280502,0.5736571,0.5969465,0.5896093,124,27.7,20,9.621398,800,103.1779,10.78384,0.080860764,9.6457716,137.786022,130.1802504,0.061051864,0.076021387,-0.7,0.14,-5.1,140.9,128.7
Thu_Mar_02_2023,1063651,25000.74,0.820631,0.8207679,0.5649157,0.5896816,0.5840994,128.7,27.7,20,9.621398,800,103.1779,10.76121,0.35057135,9.3457476,131.710536,124.4047884,0.33076245,0.295446755,-0.9,0.15,-5.1,133.6,121.4
Thu_Mar_02_2023,1069792,25000.32,0.8138312,0.8137528,0.560518,0.5857254,0.5796807,131.7,27.7,20,9.621398,800,103.1779,10.5631,0.641630493,8.3106648,125.110008,118.8393432,0.621821593,0.665187138,-0.8,0.16,-5.1,127.8,115.6
Thu_Mar_02_2023,1075933,24998.53,0.8084671,0.8079177,0.5571126,0.5819207,0.5786267,132.7,27.8,20,9.621398,800,103.1779,10.51281,0.806176086,7.3430874,120.609648,115.3065606,0.786367186,0.818957671,-0.8,0.17,-5.1,123.7,111.5
Thu_Mar_02_2023,1082059,25001.24,0.7957059,0.7954113,0.5502349,0.57248,0.5681401,134,27.8,20,9.621398,800,103.1779,9.856806,1.143125488,5.5204416,111.533922,108.0534804,1.143125488,1.171420466,-0.9,0.18,-5.1,113,100.8
Thu_Mar_02_2023,1088197,24999.58,0.7852137,0.7848253,0.5414997,0.5646215,0.5583159,134.1,27.8,20,9.621398,800,103.1779,9.58405,1.551830566,2.1301704,96.907752,96.8175816,1.578641502,1.592993614,-0.8,0.19,-5.1,99.6,87.4
Thu_Mar_02_2023,1094338,24999.22,0.7820194,0.7819068,0.5402901,0.5647306,0.5559723,133.5,27.8,20,9.621398,800,103.1779,9.988938,1.737384033,0.300024,92.707416,94.447392,1.781365709,1.68456483,-0.7,0.2,-5.1,94,81.8
Thu_Mar_02_2023,1100478,24999.34,0.772157,0.7715592,0.534491,0.5553088,0.5495957,133.1,27.8,20,9.621398,800,103.1779,10.32951,2.085226807,-4.5453636,80.781462,87.3668256,2.161397145,1.964461756,-0.9,0.21,-5.1,83.5,71.3
Thu_Mar_02_2023,1106619,25000.35,0.7649082,0.765053,0.5319147,0.5530487,0.5452523,131.9,27.8,20,9.621398,800,103.1779,9.835064,2.404761719,-8.7832026,71.405712,82.2289146,2.510501168,2.360118521,-0.9,0.22,-5.1,73.5,61.3
Thu_Mar_02_2023,1112760,25002.1,0.7620066,0.7625327,0.524589,0.5496873,0.5418712,130,27.8,20,9.621398,800,103.1779,9.898449,2.686237061,-12.6610128,62.555004,77.2560168,2.818023665,2.54844423,-0.9,0.23,-5.1,66.6,54.4
Thu_Mar_02_2023,1118901,24999.89,0.7603499,0.7603207,0.525898,0.5476857,0.540368,127.5,27.8,20,9.621398,800,103.1779,9.480811,2.817526123,-15.8037642,59.704776,77.5485402,2.96146195,2.771325115,-0.9,0.24,-5.1,60.9,48.7
Thu_Mar_02_2023,1125027,24999.61,0.7576366,0.7580461,0.5230862,0.5458561,0.5409549,124.9,27.8,20,9.621398,800,103.1779,9.775956,3.088810059,-21.1366908,51.304104,74.4807948,3.257849949,3.058133076,-0.9,0.25,-5.1,52.6,40.4
Thu_Mar_02_2023,1131150,24999.48,0.7542084,0.7539722,0.5204039,0.5394023,0.5383165,123.2,27.8,20,9.621398,800,103.1779,9.647593,3.309881348,-25.3370268,43.578486,70.9555128,3.499378726,3.260280856,-0.9,0.26,-5.1,45.4,33.2
Thu_Mar_02_2023,1137290,25001.34,0.752423,0.7512754,0.5201424,0.5417337,0.5350173,119.1,27.8,20,9.621398,800,103.1779,9.447188,3.400183105,-27.4296942,39.603168,69.0728622,3.598036825,3.26891965,-0.7,0.27,-5.1,42,29.8
Thu_Mar_02_2023,1143433,25004.44,0.746722,0.7463622,0.5169814,0.5409814,0.5306295,118.4,27.9,20,9.621398,800,103.1779,9.653849,3.570438721,-31.1199894,34.277742,67.4377314,3.784047548,3.477978464,-0.8,0.28,-5.1,35.5,23.3
Thu_Mar_02_2023,1149563,25000.54,0.7476373,0.7476526,0.5179575,0.538496,0.5328268,116.3,27.9,20,9.621398,800,103.1779,9.422368,3.736942383,-34.2627408,29.25234,65.5550808,3.96595912,3.607560374,-0.7,0.29,-5.1,29.9,17.7
Thu_Mar_02_2023,1155699,24998.83,0.7444925,0.744674,0.5120712,0.5389305,0.5297887,112.3,27.9,20,9.621398,800,103.1779,9.54007,3.858801025,-37.277982,24.601968,63.91995,4.099094314,3.783791772,-0.9,0.3,-5.1,23.6,11.4
Thu_Mar_02_2023,1161839,25003.56,0.7426797,0.7417001,0.514869,0.5343941,0.5300307,110,27.9,20,9.621398,800,103.1779,9.975485,3.892411865,-38.553084,21.301704,61.894788,4.135815432,3.826985742,-0.9,0.31,-5.1,23,10.8
Thu_Mar_02_2023,1167979,25002.6,0.7396464,0.7392747,0.5106997,0.5333631,0.5256544,106,27.9,20,9.621398,800,103.1779,9.29591,4.040924561,-42.153372,17.926434,62.119806,4.29807119,3.999761622,-0.8,0.32,-5.1,17.4,5.2
Thu_Mar_02_2023,1174120,25002.42,0.7385932,0.7387033,0.5108618,0.5323657,0.5285991,103.8,27.9,20,9.621398,800,103.1779,9.316462,4.059364502,-43.278462,15.826266,61.144728,4.318217526,4.029133522,-0.8,0.33,-5.1,17.2,5
Thu_Mar_02_2023,1180262,25000.9,0.736945,0.736973,0.5085521,0.531644,0.5259098,101.7,27.9,20,9.621398,800,103.1779,9.251696,4.220036133,-46.428714,11.400912,59.869626,4.493757383,4.11724922,-0.8,0.34,-5.1,13.5,1.3
Thu_Mar_02_2023,1186402,25001.55,0.735785,0.7356533,0.5097646,0.5303326,0.5232207,99.5,27.9,20,9.621398,800,103.1779,9.377803,4.254759766,-47.9438352,9.450756,59.4345912,4.53169427,4.072327492,-0.8,0.35,-5.1,9.7,-2.5
Thu_Mar_02_2023,1192531,24999.41,0.7339118,0.7343869,0.508893,0.5286211,0.5238019,96.7,27.9,20,9.621398,800,103.1779,9.785526,4.29726709,-49.1964354,6.900552,58.1369874,4.578135136,4.194998366,-0.9,0.36,-5.1,4.8,-7.4
Thu_Mar_02_2023,1198668,25000.33,0.7325603,0.7334054,0.5057917,0.5294417,0.5226373,93.7,28,20,9.621398,800,103.1779,9.561271,4.412023438,-50.9140728,4.87539,57.8294628,4.703510802,4.30557493,-0.8,0.37,-5.1,3.1,-9.1
Thu_Mar_02_2023,1204807,25000.36,0.7325239,0.7317829,0.5065115,0.5283738,0.5215708,94.6,28,20,9.621398,800,103.1779,9.790562,4.510123047,-53.6892948,-1.200096,54.5291988,4.81068835,4.393690628,-0.9,0.38,-5.1,-0.5,-12.7
Thu_Mar_02_2023,1210949,25001.11,0.7312953,0.7315592,0.5054373,0.5262405,0.5231237,89,28,20,9.621398,800,103.1779,9.484367,4.532131836,-54.7693812,-1.425114,55.3842672,4.834733788,4.421334769,-0.7,0.39,-5.1,-0.7,-12.9
Thu_Mar_02_2023,1217089,24998.05,0.7305174,0.7309355,0.5046669,0.5274873,0.5191507,89,28,20,9.621398,800,103.1779,9.1581,4.533471191,-56.104488,-3.450276,54.694212,4.836197084,4.493900639,-0.8,0.4,-5.1,-2.3,-14.5
Thu_Mar_02_2023,1223230,25003.12,0.7280842,0.7271062,0.5023855,0.5267523,0.5171909,85.1,28,20,9.621398,800,103.1779,9.037833,4.652384277,-58.767201,-5.700456,55.106745,4.966114145,4.606204961,-0.8,0.41,-5.1,-6.5,-18.7
Thu_Mar_02_2023,1229370,25001.3,0.7260395,0.7263018,0.5035931,0.5233057,0.5183837,83.4,28,20,9.621398,800,103.1779,9.281394,4.666712891,-59.9372946,-9.075726,52.9015686,4.981768699,4.62175479,-0.9,0.42,-5.1,-9.8,-22
Thu_Mar_02_2023,1235511,24998.42,0.7251935,0.725792,0.5022595,0.5244627,0.5180798,80,28,20,9.621398,800,103.1779,9.004661,4.784664063,-62.780022,-12.450996,52.369026,5.110634833,4.66494876,-0.8,0.43,-5.1,-10.4,-22.6
Thu_Mar_02_2023,1241651,25000.38,0.7249041,0.7246301,0.5000253,0.524817,0.5166905,79.5,28,20,9.621398,800,103.1779,9.539987,4.745309082,-63.9126126,-12.976038,52.9765746,5.067638023,4.728875836,-0.7,0.44,-5.1,-16.1,-28.3
Thu_Mar_02_2023,1247792,24998.59,0.7242702,0.7243258,0.4983406,0.524406,0.5164261,76.4,28.1,20,9.621398,800,103.1779,9.589458,4.855624512,-65.4502356,-16.351308,51.1389276,5.188161818,4.832541364,-0.9,0.45,-5.1,-13.9,-26.1
Thu_Mar_02_2023,1253933,25000.52,0.7259807,0.7261385,0.5000868,0.5231643,0.5190414,76.7,28.1,20,9.621398,800,103.1779,9.758127,4.920666992,-67.4153928,-18.00144,51.4539528,5.259223197,4.915473786,-0.7,0.46,-5.1,-23.3,-35.5
Thu_Mar_02_2023,1260073,25001.14,0.7251059,0.7263831,0.5010566,0.5235858,0.5184837,73.6,28.1,20,9.621398,800,103.1779,9.679524,4.992819336,-67.2728814,-18.676494,50.6363874,5.338052372,4.832541364,-0.8,0.47,-5.1,-21.1,-33.3
Thu_Mar_02_2023,1266215,24999.01,0.7238401,0.7241427,0.4990261,0.5224354,0.5134895,71.9,28.1,20,9.621398,800,103.1779,9.276175,4.891870605,-67.2278778,-19.426554,49.8413238,5.227762051,4.899923957,-0.8,0.48,-5.1,-23.3,-35.5
Thu_Mar_02_2023,1272356,25000.38,0.7221444,0.7226125,0.4993062,0.5217936,0.5162243,71.4,28.1,20,9.621398,800,103.1779,9.249154,5.049172852,-69.2005356,-23.476878,47.7636576,5.399620727,4.855002228,-0.8,0.49,-5.1,-22.4,-34.6
Thu_Mar_02_2023,1278495,25001.46,0.7231418,0.7225848,0.4971816,0.5189993,0.5160292,67.1,28.1,20,9.621398,800,103.1779,9.332005,5.042526855,-70.1606124,-22.351788,49.8488244,5.392359724,5.032961384,-0.8,0.5,-5.1,-26.3,-38.5
Thu_Mar_02_2023,1284637,24997.87,0.7217024,0.7214164,0.4968342,0.5232667,0.5138307,67.8,28.1,20,9.621398,800,103.1779,9.121622,5.08672998,-71.6157288,-23.026842,50.6288868,5.440653316,5.013956038,-0.8,0.51,-5.1,-24.5,-36.7
Thu_Mar_02_2023,1290778,25001.32,0.720663,0.720791,0.4978105,0.5210931,0.5132196,67,28.1,20,9.621398,800,103.1779,9.263402,5.063227051,-72.1257696,-23.326866,50.8389036,5.414975473,4.920657062,-0.8,0.52,-5.1,-23.8,-36
Thu_Mar_02_2023,1296918,25003.27,0.7208174,0.7202402,0.497273,0.52102,0.5128242,67.7,28.1,20,9.621398,800,103.1779,9.23001,5.124071777,-73.6858944,-26.552124,49.9013286,5.481450647,4.989767414,-0.8,0.53,-5.1,-24.8,-37
Thu_Mar_02_2023,1303051,25002.31,0.7230257,0.7229224,0.4999111,0.5217116,0.5167283,65.1,28.1,20,9.621398,800,103.1779,9.506303,5.163458984,-75.006,-28.87731,48.16869,5.524482666,5.079610872,-0.8,0.54,-5.1,-28.4,-40.6
Thu_Mar_02_2023,1309183,24999.7,0.7212282,0.7212877,0.4960764,0.5209723,0.5149155,66.1,28.2,20,9.621398,800,103.1779,9.896622,5.188849121,-76.4986194,-31.427514,47.1111054,5.552222355,5.091705184,-0.8,0.55,-5.1,-29.3,-41.5
Thu_Mar_02_2023,1315324,24999.44,0.720593,0.7211338,0.4994869,0.5219231,0.5156669,65.7,28.2,20,9.621398,800,103.1779,8.823384,5.190447754,-76.4161128,-30.227418,48.2286948,5.553968922,5.148721224,-0.8,0.56,-5.1,-33.2,-45.4
Thu_Mar_02_2023,1321465,25002.24,0.7210741,0.7210293,0.4993815,0.5208551,0.5180969,64.5,28.2,20,9.621398,800,103.1779,9.006173,5.17767334,-76.88115,-31.50252,47.41863,5.540012389,5.121077083,-0.8,0.57,-5.1,-29.2,-41.4
Thu_Mar_02_2023,1327606,25006.3,0.7184703,0.7183388,0.4994749,0.51986,0.5129941,62,28.2,20,9.621398,800,103.1779,9.082735,5.265615723,-76.6411308,-29.702376,48.9787548,5.636092781,5.060605525,-0.8,0.58,-5.1,-33.9,-46.1
Thu_Mar_02_2023,1333731,25001.29,0.7192931,0.7193307,0.4993066,0.5204009,0.5124847,60.7,28.2,20,9.621398,800,103.1779,9.715589,5.198032715,-76.88115,-33.527682,45.393468,5.562255779,5.070972078,-0.8,0.59,-5.1,-31.5,-43.7
Thu_Mar_02_2023,1339872,25001.64,0.7160345,0.7166795,0.4955857,0.5172134,0.5112347,61,28.2,20,9.621398,800,103.1779,9.315499,5.200010742,-76.88115,-34.277742,44.643408,5.564416849,5.259297787,-0.8,0.6,-5.1,-36.9,-49.1
Thu_Mar_02_2023,1346012,24999.11,0.7204995,0.720235,0.4951051,0.5193642,0.5124326,57.6,28.2,20,9.621398,800,103.1779,9.454902,5.216819336,-76.88115,-31.577526,47.343624,5.582780876,5.22647037,-0.8,0.61,-5.1,-33.5,-45.7
Thu_Mar_02_2023,1352137,25001.19,0.719912,0.7201185,0.496836,0.5178574,0.5158428,57,28.2,20,9.621398,800,103.1779,9.365049,5.232055176,-76.88115,-31.87755,47.0436,5.59942661,5.309402792,-0.8,0.62,-5.1,-35,-47.2
Thu_Mar_02_2023,1358278,25001.01,0.7160205,0.714933,0.4935029,0.5160679,0.5119928,56.3,28.2,20,9.621398,800,103.1779,9.147412,5.280970215,-76.8886506,-34.427754,44.5008966,5.652868147,5.167726571,-0.8,0.63,-5.1,-37.6,-49.8
Thu_Mar_02_2023,1364419,25000.12,0.7164711,0.7170941,0.4958981,0.5169311,0.5104538,55.9,28.2,20,9.621398,800,103.1779,9.223843,5.269185059,-76.8886506,-34.352748,44.5759026,5.639992416,5.352596762,-0.8,0.64,-5.1,-35.5,-47.7
Thu_Mar_02_2023,1370546,24998.7,0.7187465,0.7196017,0.4948021,0.5192279,0.5104523,55.4,28.2,20,9.621398,800,103.1779,9.33334,5.28984082,-76.88115,-33.677694,45.243456,5.66255962,5.235109164,-0.8,0.65,-5.1,-35.3,-47.5
Thu_Mar_02_2023,1376684,25004.41,0.7165922,0.7161383,0.4959205,0.518091,0.5116739,55.4,28.3,20,9.621398,800,103.1779,8.950768,5.356553223,-76.88115,-35.777862,43.143288,5.735445452,5.117621566,-0.8,0.66,-5.1,-35.3,-47.5
Thu_Mar_02_2023,1382824,25000.6,0.7176179,0.7170288,0.4932536,0.5189817,0.5151978,55.1,28.2,20,9.621398,800,103.1779,9.544993,5.32532959,-76.88115,-35.927874,42.993276,5.701332448,5.278303134,-0.8,0.67,-5.1,-36.1,-48.3
Thu_Mar_02_2023,1388964,25001.97,0.7175663,0.7183037,0.4962193,0.5173984,0.5117742,56.6,28.3,20,9.621398,800,103.1779,9.615484,5.311418945,-76.88115,-34.87779,44.04336,5.686134541,5.134899154,-0.7,0.68,-5.1,-38.2,-50.4
Thu_Mar_02_2023,1395089,24998.02,0.7185436,0.7185099,0.4953136,0.5178726,0.5117175,57.2,28.3,20,9.621398,800,103.1779,9.500155,5.308601563,-76.88115,-37.352988,41.568162,5.683056443,5.058877766,-0.8,0.69,-5.1,-34.4,-46.6
Thu_Mar_02_2023,1401230,25000.34,0.718596,0.7179876,0.4970773,0.5192645,0.5123255,57.2,28.3,20,9.621398,800,103.1779,9.419304,5.277380859,-76.8886506,-34.952796,43.9758546,5.64894664,5.207465023,-0.8,0.7,-5.1,-36.1,-48.3
Thu_Mar_02_2023,1407370,25001.1,0.7167533,0.7169182,0.4929821,0.5185928,0.5126306,56.5,28.3,20,9.621398,800,103.1779,9.11943,5.295327148,-76.88115,-36.452916,42.468234,5.668553642,5.221287094,-0.8,0.71,-5.1,-39.7,-51.9
Thu_Mar_02_2023,1413511,25004.44,0.7175341,0.7170206,0.4930808,0.5202519,0.5152962,56.8,28.3,20,9.621398,800,103.1779,9.173362,5.321907227,-76.88115,-37.352988,41.568162,5.697593386,5.216103817,-0.8,0.72,-5.1,-39.7,-51.9
Thu_Mar_02_2023,1419652,25004.02,0.7160947,0.7156972,0.4962274,0.5190528,0.510429,56.2,28.3,20,9.621398,800,103.1779,9.41116,5.38079834,-76.8886506,-37.653012,41.2756386,5.761934163,5.242020199,-0.8,0.73,-5.1,-41,-53.2
Thu_Mar_02_2023,1425792,24999.83,0.7181276,0.7187243,0.4957994,0.5198593,0.5127398,57.7,28.3,20,9.621398,800,103.1779,9.130242,5.326300293,-76.88115,-37.277982,41.643168,5.702392978,5.418251597,-0.9,0.74,-5.1,-37.9,-50.1
Thu_Mar_02_2023,1431933,25000.11,0.7183186,0.7190298,0.4951221,0.5192484,0.5114221,57,28.3,20,9.621398,800,103.1779,9.513556,5.38439502,-76.88115,-39.603168,39.317982,5.765863673,5.105527254,-0.8,0.75,-5.1,-39,-51.2
Thu_Mar_02_2023,1438071,25001.4,0.7175588,0.7173345,0.4967284,0.5161972,0.5139119,57.6,28.3,20,9.621398,800,103.1779,9.207253,5.396752441,-76.88115,-37.803024,41.118126,5.779364625,5.119349324,-0.8,0.76,-5.1,-36.2,-48.4
Thu_Mar_02_2023,1444216,24999.75,0.7188353,0.7200962,0.4964786,0.5194079,0.5090547,56.8,28.3,20,9.621398,800,103.1779,9.013293,5.427848633,-76.88115,-37.578006,41.343144,5.813338395,5.297308481,-0.8,0.77,-5.1,-41,-53.2
Thu_Mar_02_2023,1450356,25003.86,0.7181014,0.7172666,0.4969397,0.5194067,0.5122921,57.5,28.3,20,9.621398,800,103.1779,8.918769,5.514879395,-76.88115,-37.653012,41.268138,5.908422806,5.297308481,-0.8,0.78,-5.1,-40.2,-52.4
Thu_Mar_02_2023,1456497,25002.29,0.7162371,0.7168999,0.4957042,0.5175439,0.5121651,57.4,28.3,20,9.621398,800,103.1779,9.362628,5.376328125,-76.88115,-36.827946,42.093204,5.757050284,5.290397446,-0.8,0.79,-5.1,-39.3,-51.5
Thu_Mar_02_2023,1473809,30000.84,1.042352,1.040927,0.7541215,0.7303689,0.7264213,90.5,28.4,20,9.621398,800,103.1779,16.11937,0.073124985,9.150732,182.864628,175.753896,0.053316085,0.133037428,-0.8,0.1,-5.1,185.8,173.6
Thu_Mar_02_2023,1479950,30001.2,1.040087,1.039167,0.7427356,0.7661895,0.6995595,106.4,28.4,20,9.621398,800,103.1779,16.11261,0.07385424,9.1207296,182.339586,175.2588564,0.05404534,0.139948463,-0.8,0.11,-5.1,186.6,174.4
Thu_Mar_02_2023,1486091,30000.66,1.041191,1.041033,0.6997935,0.7941383,0.7133987,115.8,28.4,20,9.621398,800,103.1779,15.62501,0.07406147,9.150732,181.739538,174.628806,0.05425257,0.031099658,-0.8,0.12,-5.1,186.3,174.1
Thu_Mar_02_2023,1492232,29998.03,1.038057,1.037779,0.6845461,0.7847782,0.7330558,127.6,28.4,20,9.621398,800,103.1779,16.24796,0.074580696,9.188235,180.989478,173.841243,0.054771796,0.145131739,-0.8,0.13,-5.1,184.5,172.3
Thu_Mar_02_2023,1498372,30001.42,1.037582,1.038433,0.7082794,0.7282847,0.7784737,133.5,28.4,20,9.621398,800,103.1779,16.6193,0.082303215,9.075726,180.614448,173.578722,0.062494315,0.112304322,-0.8,0.14,-5.1,183.9,171.7
Thu_Mar_02_2023,1504513,30001.9,1.026573,1.026427,0.7369832,0.7286569,0.7100348,138,28.4,20,9.621398,800,103.1779,16.74689,0.332250946,8.663193,172.588806,165.965613,0.312442046,0.354190554,-0.9,0.15,-5.1,175.3,163.1
Thu_Mar_02_2023,1510654,30000.65,1.018718,1.019361,0.7036615,0.7672216,0.6890001,140.5,28.4,20,9.621398,800,103.1779,15.83111,0.609680969,7.5456036,162.838026,157.3324224,0.589872069,0.627176444,-0.8,0.16,-5.1,167.2,155
Thu_Mar_02_2023,1516783,29997.07,1.012308,1.01231,0.6939976,0.6999415,0.7535974,143.4,28.4,20,9.621398,800,103.1779,15.91374,0.965240051,5.137911,151.212096,148.114185,0.965240051,0.97963924,-0.8,0.17,-5.1,155.2,143
Thu_Mar_02_2023,1522920,29994.94,1.000465,1.002449,0.7107439,0.6818844,0.7382827,142.9,28.4,20,9.621398,800,103.1779,15.60444,1.364812012,3.2777622,141.086286,139.8485238,1.364812012,1.373568246,-0.8,0.18,-5.1,144.9,132.7
Thu_Mar_02_2023,1529047,30008.05,0.9997999,0.9973683,0.729126,0.6909355,0.7007574,144.4,28.5,20,9.621398,800,103.1779,16.17187,1.548765381,1.8151452,137.861028,138.0858828,1.57529267,1.504877915,-0.9,0.19,-5.1,142.5,130.3
Thu_Mar_02_2023,1535186,30004.41,0.9907858,0.9912392,0.6725077,0.7611935,0.67811,143.8,28.5,20,9.621398,800,103.1779,15.24411,1.924560425,-2.7902232,123.38487,128.2150932,1.985863023,1.897079162,-0.8,0.2,-5.1,127.1,114.9
Thu_Mar_02_2023,1541326,30002.5,0.989076,0.9893201,0.6452348,0.7257258,0.7326933,141.2,28.5,20,9.621398,800,103.1779,15.71986,2.122654053,-5.0404032,117.834426,124.9148292,2.202287832,1.981739344,-0.7,0.21,-5.1,121.7,109.5
Thu_Mar_02_2023,1547466,29999.65,0.983922,0.9840877,0.6903151,0.673916,0.7285848,138,28.5,20,9.621398,800,103.1779,14.84611,2.42355127,-9.338247,106.50852,117.886767,2.531029465,2.458600772,-0.8,0.22,-5.1,108.4,96.2
Thu_Mar_02_2023,1553608,29999.5,0.980616,0.979104,0.7045202,0.686643,0.6838536,133,28.5,20,9.621398,800,103.1779,15.26913,2.742945068,-15.1737138,96.38271,113.5964238,2.879979316,2.717764592,-0.8,0.23,-5.1,97,84.8
Thu_Mar_02_2023,1559748,29999.86,0.9749106,0.9755844,0.6726207,0.735307,0.6631305,128.4,28.5,20,9.621398,800,103.1779,15.6981,3.024780029,-20.5366428,86.63193,109.2085728,3.187894711,3.082321699,-0.8,0.24,-5.1,88.3,76.1
Thu_Mar_02_2023,1565889,30007.46,0.9721942,0.9699519,0.6318971,0.7309838,0.7066915,123.7,28.5,20,9.621398,800,103.1779,15.62831,3.168495605,-22.9668372,81.831546,106.8383832,3.344909435,3.127243428,-0.8,0.25,-5.1,83.1,70.9
Thu_Mar_02_2023,1572019,30001.79,0.9671275,0.9666521,0.6893224,0.6595547,0.7045391,120.2,28.5,20,9.621398,800,103.1779,15.32269,3.394887695,-27.3096846,74.25594,103.6056246,3.592251388,3.315569137,-0.7,0.26,-5.1,76,63.8
Thu_Mar_02_2023,1578155,30003.33,0.9644744,0.964307,0.6971981,0.700414,0.6526459,117,28.6,20,9.621398,800,103.1779,14.83953,3.599847412,-31.727538,67.88043,101.647968,3.81617766,3.488345017,-0.8,0.27,-5.1,69.5,57.3
Thu_Mar_02_2023,1584295,29999.23,0.9648441,0.965761,0.6435812,0.7392434,0.6640707,112.6,28.6,20,9.621398,800,103.1779,14.6602,3.703652344,-34.4127528,64.355148,100.8079008,3.929588489,3.619654686,-0.7,0.28,-5.1,66.5,54.3
Thu_Mar_02_2023,1590436,30004.71,0.9606158,0.9605558,0.6652051,0.6584358,0.7291006,109.4,28.6,20,9.621398,800,103.1779,14.90039,3.852657715,-38.8381068,59.479758,100.3578648,4.092382514,3.731959008,-0.8,0.29,-5.1,59.6,47.4
Thu_Mar_02_2023,1596566,30005.53,0.9580116,0.9571074,0.6973464,0.6662616,0.675684,103.3,28.6,20,9.621398,800,103.1779,15.1359,3.979477539,-42.0183612,52.429194,96.4875552,4.230937987,3.942745582,-0.8,0.3,-5.1,54.9,42.7
Thu_Mar_02_2023,1602702,30001.28,0.9591088,0.9581749,0.678009,0.7086293,0.6518439,100.5,28.6,20,9.621398,800,103.1779,15.28253,4.138783203,-44.7935832,49.278942,96.1125252,4.404985473,4.096516115,-0.8,0.31,-5.1,50,37.8
Thu_Mar_02_2023,1608842,30003.4,0.9555352,0.9560743,0.6227016,0.7050582,0.7055821,95.5,28.6,20,9.621398,800,103.1779,15.2955,4.18538916,-45.6186492,45.978678,93.6373272,4.45590425,4.042955592,-0.8,0.32,-5.1,46.6,34.4
Thu_Mar_02_2023,1614983,29999.17,0.957914,0.9572109,0.6880513,0.6504381,0.6901987,92.1,28.6,20,9.621398,800,103.1779,14.79326,4.28034668,-49.3764498,42.37839,93.7948398,4.559648945,4.265836477,-0.8,0.33,-5.1,41.2,29
Thu_Mar_02_2023,1621124,30003.6,0.9530762,0.953314,0.6748051,0.7054027,0.6449474,89,28.7,20,9.621398,800,103.1779,15.30398,4.375262695,-52.766721,38.25306,93.059781,4.663348296,4.272747512,-0.7,0.34,-5.1,36.4,24.2
Thu_Mar_02_2023,1627264,29999.53,0.9523449,0.9531779,0.6174327,0.7049953,0.6955078,83.5,28.7,20,9.621398,800,103.1779,15.04743,4.446233887,-54.0118206,34.87779,90.9296106,4.740887017,4.347041141,-0.8,0.35,-5.1,33.4,21.2
Thu_Mar_02_2023,1633405,29997.65,0.9498571,0.9500547,0.689704,0.6627004,0.6575091,81.2,28.7,20,9.621398,800,103.1779,14.79186,4.539573242,-56.6445312,32.552604,91.2371352,4.842863807,4.452434428,-0.8,0.36,-5.1,31.9,19.7
Thu_Mar_02_2023,1639534,30001.42,0.948082,0.9472559,0.6708385,0.6995817,0.6428144,77.9,28.7,20,9.621398,800,103.1779,14.60621,4.561876953,-58.0846464,30.677454,90.8021004,4.867231458,4.426518046,-0.8,0.37,-5.1,32,19.8
Thu_Mar_02_2023,1645670,30001.42,0.948082,0.9472559,0.6708385,0.6995817,0.6428144,77.9,28.7,20,9.621398,800,103.1779,14.60621,4.67454248,-60.154812,26.927154,89.121966,4.990322824,4.467984257,-0.8,0.38,-5.1,24.3,12.1
Thu_Mar_02_2023,1651811,30001.42,0.948082,0.9472559,0.6708385,0.6995817,0.6428144,77.9,28.7,20,9.621398,800,103.1779,14.60621,4.718001465,-59.8397868,25.427034,87.3068208,5.037803414,4.614843755,-0.8,0.39,-5.1,23.6,11.4
Thu_Mar_02_2023,1657952,30001.42,0.948082,0.9472559,0.6708385,0.6995817,0.6428144,77.9,28.7,20,9.621398,800,103.1779,14.60621,4.773785645,-64.0476234,21.75174,87.8393634,5.098749748,4.732331353,-0.8,0.4,-5.1,19.9,7.7
Thu_Mar_02_2023,1664093,30000.55,0.9413471,0.9417814,0.6104288,0.6890504,0.696992,70.1,28.8,20,9.621398,800,103.1779,15.05099,4.911132813,-68.0079402,15.976278,86.0242182,5.248806744,4.742697906,-0.8,0.41,-5.1,14.6,2.4
Thu_Mar_02_2023,1670233,29999.33,0.9397603,0.9390389,0.6913847,0.6557558,0.6497054,67.1,28.8,20,9.621398,800,103.1779,14.38223,4.92963623,-70.3856304,15.226218,87.6518484,5.26902243,4.827358087,-0.8,0.42,-5.1,16.3,4.1
Thu_Mar_02_2023,1676373,30001.62,0.9390087,0.9388973,0.651369,0.7084138,0.6359224,65.6,28.8,20,9.621398,800,103.1779,13.86067,4.98342627,-69.793083,12.601008,84.434091,5.32779009,4.956939997,-0.8,0.43,-5.1,11.6,-0.6
Thu_Mar_02_2023,1682514,29998.91,0.9381905,0.9382228,0.6483507,0.6443492,0.7113865,62,28.8,20,9.621398,800,103.1779,13.96769,5.047269043,-72.6208092,12.150972,86.8117812,5.397540744,5.001861726,-0.8,0.44,-5.1,9.7,-2.5
Thu_Mar_02_2023,1688655,29998.62,0.9385047,0.9388983,0.6863039,0.6618959,0.6416233,60.2,28.8,20,9.621398,800,103.1779,14.27965,5.057979004,-74.443455,8.175654,84.659109,5.409241783,5.027778108,-0.8,0.45,-5.1,10,-2.2
Thu_Mar_02_2023,1694795,30003.4,0.9375439,0.9377782,0.6136228,0.7132953,0.6639959,58,28.8,20,9.621398,800,103.1779,14.82368,5.127121582,-75.006,8.100648,85.146648,5.484782675,5.048511214,-0.8,0.46,-5.1,6.9,-5.3
Thu_Mar_02_2023,1700936,30000.12,0.9353406,0.9352914,0.6686429,0.6353756,0.6820875,56.9,28.8,20,9.621398,800,103.1779,14.02231,5.187725586,-76.168593,5.475438,83.684031,5.55099485,5.12626036,-0.8,0.47,-5.1,5.8,-6.4
Thu_Mar_02_2023,1707076,29999.21,0.9363777,0.9362248,0.6718432,0.6837636,0.6318449,55.9,28.9,20,9.621398,800,103.1779,14.61084,5.222182617,-76.88115,4.50036,83.42151,5.588640465,4.974217585,-0.8,0.48,-5.1,0.9,-11.3
Thu_Mar_02_2023,1713217,30001.77,0.9336337,0.9347747,0.6072749,0.710865,0.6641622,52.3,28.9,20,9.621398,800,103.1779,14.86933,5.219100586,-76.88115,2.700216,81.621366,5.585273228,5.095160701,-0.8,0.49,-5.1,1.8,-10.4
Thu_Mar_02_2023,1719358,30005.93,0.9311799,0.931086,0.6704934,0.6435828,0.6653997,51.2,28.9,20,9.621398,800,103.1779,14.123,5.264362305,-76.88115,0.075006,78.996156,5.634723375,5.165998812,-0.8,0.5,-5.1,-0.3,-12.5
Thu_Mar_02_2023,1725498,30001.58,0.9319531,0.9310831,0.6269467,0.7051795,0.6473277,48.4,28.9,20,9.621398,800,103.1779,14.28656,5.349057617,-76.88115,-1.350108,77.571042,5.727256219,5.290397446,-0.8,0.51,-5.1,-3.8,-16
Thu_Mar_02_2023,1731639,29999.83,0.9315616,0.9315149,0.6266798,0.65982,0.7026361,46.9,28.9,20,9.621398,800,103.1779,14.49457,5.29504834,-76.88115,-2.475198,76.445952,5.668249033,5.204009506,-0.8,0.52,-5.1,-4.3,-16.5
Thu_Mar_02_2023,1737780,29999.98,0.9302159,0.9301658,0.6563423,0.6844437,0.6332263,44.7,28.9,20,9.621398,800,103.1779,14.6571,5.400358398,-76.88115,-3.825306,75.095844,5.78330427,5.288669687,-0.8,0.53,-5.1,-4.6,-16.8
Thu_Mar_02_2023,1743920,30004.68,0.9307796,0.9286671,0.6093531,0.6768718,0.6964889,43.2,28.9,20,9.621398,800,103.1779,14.70061,5.305914063,-76.88115,-5.25042,73.67073,5.680120247,5.216103817,-0.8,0.54,-5.1,-8.3,-20.5
Thu_Mar_02_2023,1750054,30002.31,0.9308768,0.9295195,0.6771499,0.6355508,0.6615611,42,29,20,9.621398,800,103.1779,14.57823,5.386498047,-76.88115,-6.450516,72.470634,5.76816131,5.392335215,-0.8,0.55,-5.1,-5.4,-17.6
Thu_Mar_02_2023,1756186,29999.18,0.9316993,0.9319866,0.6231283,0.7140238,0.6421108,40.7,29,20,9.621398,800,103.1779,14.8346,5.411959473,-76.8886506,-5.925474,73.0031766,5.795978884,5.478723155,-0.8,0.56,-5.1,-9,-21.2
Thu_Mar_02_2023,1762327,30001.68,0.9279724,0.9273597,0.6650741,0.6334413,0.669955,40.3,29,20,9.621398,800,103.1779,13.76018,5.471883301,-76.8886506,-8.700696,70.2279546,5.861447941,5.375057627,-0.8,0.57,-5.1,-11,-23.2
Thu_Mar_02_2023,1768468,30001.5,0.9297683,0.9297141,0.6524221,0.6957729,0.6280189,39.9,29,20,9.621398,800,103.1779,14.3333,5.442934082,-76.88115,-8.325666,70.595484,5.829819821,5.392335215,-0.8,0.58,-5.1,-9.3,-21.5
Thu_Mar_02_2023,1774609,30003.68,0.9277479,0.9266242,0.6267528,0.6545547,0.6981587,39.2,29,20,9.621398,800,103.1779,13.94915,5.42343457,-76.88115,-9.00072,69.92043,5.808515864,5.309402792,-0.8,0.59,-5.1,-11,-23.2
Thu_Mar_02_2023,1780749,30001.53,0.9287288,0.9291437,0.6537759,0.6901051,0.6277287,38.2,29,20,9.621398,800,103.1779,14.34889,5.508046387,-76.8886506,-10.050804,68.8778466,5.900957486,5.357780039,-0.9,0.6,-5.1,-11.6,-23.8
Thu_Mar_02_2023,1786890,29995.92,0.9322565,0.9337898,0.6147456,0.6670784,0.7027937,36.7,29,20,9.621398,800,103.1779,15.04082,5.512325684,-76.88115,-10.950876,67.970274,5.90563278,5.473539878,-0.8,0.61,-5.1,-14.1,-26.3
Thu_Mar_02_2023,1793019,30003.83,0.9288588,0.927274,0.6756848,0.6670967,0.6298613,35.7,29,20,9.621398,800,103.1779,14.94519,5.526568848,-76.88115,-12.526002,66.395148,5.921193978,5.490817466,-0.8,0.62,-5.1,-13.5,-25.7
Thu_Mar_02_2023,1799156,30000.02,0.9286612,0.9287278,0.613035,0.6626843,0.6937938,33.7,29,20,9.621398,800,103.1779,14.54271,5.589033691,-76.8886506,-11.475918,67.4527326,5.989439191,5.447623496,-0.8,0.63,-5.1,-10.6,-22.8
Thu_Mar_02_2023,1805297,29999.82,0.9292826,0.9304358,0.6676353,0.6476047,0.6534023,34.8,29,20,9.621398,800,103.1779,14.43373,5.544163574,-76.88115,-12.526002,66.395148,5.940416884,5.42861815,-0.8,0.64,-5.1,-13.4,-25.6
Thu_Mar_02_2023,1811438,29998.75,0.9290417,0.9286509,0.6117513,0.7013831,0.6600429,32.9,29,20,9.621398,800,103.1779,14.12174,5.548421387,-76.88115,-13.12605,65.7951,5.945068706,5.430345908,-0.8,0.65,-5.1,-14.1,-26.3
Thu_Mar_02_2023,1817566,30002.1,0.9283651,0.9275799,0.6683516,0.6362807,0.6698867,32.4,29.1,20,9.621398,800,103.1779,14.02657,5.527331543,-76.88115,-12.826026,66.095124,5.922027251,5.537466954,-0.8,0.66,-5.1,-13.8,-26
Thu_Mar_02_2023,1823703,29998.42,0.929887,0.9305943,0.6152011,0.7132741,0.6509911,31.2,29.1,20,9.621398,800,103.1779,13.94648,5.54904248,-76.88115,-12.37599,66.54516,5.945747275,5.466628843,-0.8,0.67,-5.1,-9.8,-22
Thu_Mar_02_2023,1829844,30000.68,0.9280257,0.9279199,0.6614602,0.6334035,0.6753873,32.4,29.1,20,9.621398,800,103.1779,14.72002,5.57573877,-76.88115,-14.176134,64.745016,5.974913984,5.432073667,-0.8,0.68,-5.1,-15,-27.2
Thu_Mar_02_2023,1835983,30000.82,0.9293076,0.928798,0.6128783,0.6998851,0.6495369,32,29.1,20,9.621398,800,103.1779,14.74361,5.567459961,-76.88115,-14.401152,64.519998,5.965869071,5.490817466,-0.8,0.69,-5.1,-17.4,-29.6
Thu_Mar_02_2023,1842125,29998.88,0.928446,0.9305094,0.6534145,0.6373644,0.6771705,31.3,29.1,20,9.621398,800,103.1779,14.72715,5.580051758,-76.8886506,-14.551164,64.3774866,5.979626087,5.482178672,-0.8,0.7,-5.1,-15.9,-28.1
Thu_Mar_02_2023,1848265,29999,0.927991,0.9281141,0.6279857,0.7097996,0.6303922,31.2,29.1,20,9.621398,800,103.1779,14.93088,5.560758301,-76.88115,-14.851188,64.069962,5.958547253,5.390607456,-0.9,0.71,-5.1,-14,-26.2
Thu_Mar_02_2023,1854406,29998.63,0.9286376,0.9299723,0.6619602,0.632635,0.671721,29.9,29.1,20,9.621398,800,103.1779,13.83497,5.625789063,-76.88115,-14.926194,63.994956,6.029595829,5.57202213,-0.8,0.72,-5.1,-15.9,-28.1
Thu_Mar_02_2023,1860534,29999.95,0.9290904,0.9288988,0.6233944,0.7060145,0.6397155,30.4,29.1,20,9.621398,800,103.1779,14.28584,5.56626123,-76.8886506,-15.076206,63.8524446,5.964559413,5.5858442,-0.8,0.73,-5.1,-17.1,-29.3
Thu_Mar_02_2023,1866672,30005.05,0.9267482,0.9247401,0.6715224,0.6371644,0.6638,29,29.1,20,9.621398,800,103.1779,14.05765,5.601140137,-76.88115,-15.0012,63.91995,6.002665942,5.544377989,-0.8,0.74,-5.1,-18.1,-30.3
Thu_Mar_02_2023,1872812,29999.5,0.9298572,0.9306194,0.5992128,0.7057174,0.6577755,28.8,29.1,20,9.621398,800,103.1779,14.49754,5.567224609,-76.88115,-14.476158,64.444992,5.965611941,5.411340562,-0.8,0.75,-5.1,-15.4,-27.6
Thu_Mar_02_2023,1878954,29998.71,0.9304106,0.9296233,0.6668172,0.6384626,0.6531975,28.5,29.2,20,9.621398,800,103.1779,14.57456,5.632358887,-76.88115,-15.076206,63.844944,6.036773612,5.575477648,-0.8,0.76,-5.1,-15.7,-27.9
Thu_Mar_02_2023,1885093,29999.96,0.9283605,0.9277503,0.617656,0.7064981,0.6537816,27.5,29.2,20,9.621398,800,103.1779,14.87101,5.511854492,-76.88115,-16.50132,62.41983,5.905117986,5.494272984,-0.9,0.77,-5.1,-15.7,-27.9
Thu_Mar_02_2023,1891234,29999.63,0.9280338,0.9290484,0.6740846,0.6566291,0.6334862,28.4,29.2,20,9.621398,800,103.1779,14.4948,5.592128418,-76.88115,-14.551164,64.369986,5.992820297,5.549561266,-0.8,0.78,-5.1,-16.2,-28.4
Thu_Mar_02_2023,1897376,30003.56,0.9267041,0.9245377,0.5968211,0.6987306,0.668795,27.2,29.2,20,9.621398,800,103.1779,14.817,5.590086914,-76.88115,-15.75126,63.16989,5.990589877,5.508095054,-0.8,0.79,-5.1,-18.4,-30.6
Thu_Mar_02_2023,1914687,34978.25,1.18931,1.195085,0.8118733,0.8450981,0.8343561,16.7,29.2,20,9.621398,800,103.1779,22.18081,0.055010628,8.8207056,221.417712,214.6370064,0.035201728,0.015549829,-0.8,0.1,-5.1,225.4,213.2
Thu_Mar_02_2023,1920828,34978.25,1.18931,1.195085,0.8118733,0.8450981,0.8343561,16.7,29.2,20,9.621398,800,103.1779,22.18081,0.054168251,9.038223,218.567484,211.569261,0.034359351,0.093298975,-0.8,0.11,-5.1,224.3,212.1
Thu_Mar_02_2023,1926968,34998.7,1.25415,1.255337,0.8685187,0.9100418,0.8979553,105.3,29.2,20,9.621398,800,103.1779,22.74417,0.057007858,8.9482158,218.792502,211.8842862,0.037198958,0.062199317,-0.8,0.12,-5.1,222.7,210.5
Thu_Mar_02_2023,1933094,35002.38,1.250728,1.251739,0.8628823,0.8953001,0.890397,117.8,29.2,20,9.621398,800,103.1779,23.75276,0.040303638,8.9482158,217.667412,210.7591962,0.020494738,0.110576563,-0.7,0.13,-5.1,220.6,208.4
Thu_Mar_02_2023,1939235,34996.66,1.250722,1.249954,0.8644184,0.900306,0.8928688,123.9,29.2,20,9.621398,800,103.1779,22.81203,0.081359421,9.0982278,216.167292,209.1090642,0.061550521,0.107121046,-0.8,0.14,-5.1,220.5,208.3
Thu_Mar_02_2023,1945375,35002.58,1.242116,1.241374,0.8628181,0.8940614,0.886333,128.7,29.3,20,9.621398,800,103.1779,22.54796,0.296184509,8.7081966,209.416752,202.7485554,0.276375609,0.22979192,-0.8,0.15,-5.1,214.2,202
Thu_Mar_02_2023,1951516,35000.36,1.234367,1.234935,0.8573463,0.8945865,0.8835468,131.7,29.3,20,9.621398,800,103.1779,23.30566,0.602193787,8.0331426,199.365948,193.3728054,0.582384887,0.571888163,-0.9,0.16,-5.1,203.6,191.4
Thu_Mar_02_2023,1957657,35003.82,1.227838,1.227554,0.8551237,0.8878438,0.8754585,133,29.3,20,9.621398,800,103.1779,22.88244,0.950787415,6.2555004,185.789862,181.5743616,0.950787415,0.974455963,-0.7,0.17,-5.1,189.3,177.1
Thu_Mar_02_2023,1963798,35000.14,1.214304,1.214888,0.8409597,0.873863,0.8699726,132.6,29.3,20,9.621398,800,103.1779,22.86949,1.364465454,3.3677694,174.38895,173.0611806,1.364465454,1.261263924,-0.7,0.18,-5.1,179.1,166.9
Thu_Mar_02_2023,1969938,35006.57,1.211574,1.210834,0.8427682,0.8788516,0.8706346,133.7,29.3,20,9.621398,800,103.1779,22.4157,1.762174316,-0.7950636,162.01296,164.8480236,1.808450034,1.751947423,-0.7,0.19,-5.1,166.9,154.7
Thu_Mar_02_2023,1976065,35002.52,1.211362,1.212123,0.8396844,0.8678998,0.8635071,131.4,29.3,20,9.621398,800,103.1779,22.83117,1.792499268,-1.2601008,161.412912,164.7130128,1.841581195,1.688020348,-0.9,0.2,-5.1,166.2,154
Thu_Mar_02_2023,1982204,34999.86,1.207375,1.207565,0.8383285,0.870384,0.8655898,131.4,29.3,20,9.621398,800,103.1779,22.16575,2.289135986,-7.9731378,146.2617,156.2748378,2.384175665,2.251269716,-0.8,0.21,-5.1,149.9,137.7
Thu_Mar_02_2023,1988344,35003.18,1.204801,1.205479,0.8335434,0.8720588,0.8597513,128.3,29.4,20,9.621398,800,103.1779,22.09592,2.48619458,-11.100888,139.361148,152.502036,2.59946966,2.510433536,-0.7,0.22,-5.1,140,127.8
Thu_Mar_02_2023,1994485,35000.41,1.201095,1.20109,0.8312212,0.8689485,0.8562122,124.6,29.4,20,9.621398,800,103.1779,21.87781,2.810539307,-17.738919,126.460116,146.239035,2.953828588,2.833524432,-0.7,0.23,-5.1,129.7,117.5
Thu_Mar_02_2023,2000625,34994.59,1.205735,1.207649,0.8366861,0.8675749,0.8601182,120,29.4,20,9.621398,800,103.1779,22.62346,3.146536133,-23.1168492,116.409312,141.5661612,3.320917877,3.016666865,-0.9,0.24,-5.1,119.7,107.5
Thu_Mar_02_2023,2006766,35000.57,1.200896,1.201675,0.8369297,0.8634224,0.8629402,112.1,29.4,20,9.621398,800,103.1779,22.48709,3.266489502,-26.1845946,112.659012,140.8836066,3.451971487,3.158343086,-0.7,0.25,-5.1,114.2,102
Thu_Mar_02_2023,2012908,35009.38,1.197608,1.196687,0.8313452,0.8661757,0.8628514,108.2,29.4,20,9.621398,800,103.1779,22.31265,3.531319336,-31.5100206,104.483358,138.0333786,3.741308135,3.422690183,-0.8,0.26,-5.1,106.5,94.3
Thu_Mar_02_2023,2019039,35006.53,1.195314,1.194354,0.8284011,0.8630992,0.8525834,102.3,29.4,20,9.621398,800,103.1779,21.86066,3.637451416,-33.827706,100.13301,136.000716,3.857261462,3.538450022,-0.7,0.27,-5.1,102.6,90.4
Thu_Mar_02_2023,2025173,35000.7,1.197741,1.195899,0.8335886,0.8602721,0.8582122,96.3,29.5,20,9.621398,800,103.1779,22.36778,3.837522461,-38.065545,93.682494,133.788039,4.075846674,3.83044126,-0.8,0.28,-5.1,93.8,81.6
Thu_Mar_02_2023,2031313,35001.17,1.191616,1.190446,0.8264155,0.8655555,0.8530239,91.1,29.5,20,9.621398,800,103.1779,21.9497,4.015718506,-42.9634368,87.75702,132.7604568,4.270532619,4.001489381,-0.7,0.29,-5.1,89.7,77.5
Thu_Mar_02_2023,2037454,35000.73,1.184277,1.18421,0.8191072,0.8583,0.8486864,87.8,29.5,20,9.621398,800,103.1779,22.32803,4.157344727,-47.4262938,82.206576,131.6728698,4.425264642,4.029133522,-0.7,0.3,-5.1,82,69.8
Thu_Mar_02_2023,2043584,35002.52,1.184133,1.184016,0.8230539,0.8538724,0.8493654,81.4,29.5,20,9.621398,800,103.1779,22.09194,4.228072754,-49.578966,78.7563,130.375266,4.502537697,3.972117481,-0.7,0.31,-5.1,82,69.8
Thu_Mar_02_2023,2049720,34998.73,1.181525,1.181599,0.8196616,0.8526921,0.8438888,77.1,29.5,20,9.621398,800,103.1779,21.50435,4.391473633,-52.4816982,74.25594,128.7776382,4.681059361,4.338402347,-0.7,0.32,-5.1,75.2,63
Thu_Mar_02_2023,2055861,34998.58,1.177364,1.178053,0.8193597,0.8511638,0.8435191,72.6,29.5,20,9.621398,800,103.1779,22.43986,4.486788574,-57.4845984,67.13037,126.6549684,4.785194553,4.481806327,-0.9,0.33,-5.1,67.2,55
Thu_Mar_02_2023,2062001,34998.62,1.17477,1.17602,0.8136421,0.844202,0.8328341,68.2,29.6,20,9.621398,800,103.1779,21.43993,4.518416016,-58.5646848,64.580166,125.1848508,4.819748733,4.334946829,-0.8,0.34,-5.1,66.4,54.2
Thu_Mar_02_2023,2068142,34995.5,1.174803,1.177013,0.8125367,0.8447042,0.835579,63.5,29.6,20,9.621398,800,103.1779,22.10546,4.666504883,-60.8898708,60.229818,123.1596888,4.981541443,4.718509283,-0.7,0.35,-5.1,62.6,50.4
Thu_Mar_02_2023,2074283,35001.86,1.170972,1.171044,0.8124812,0.839251,0.8274598,60,29.6,20,9.621398,800,103.1779,21.52927,4.737269043,-63.5750856,55.654452,121.2695376,5.058853975,4.680498589,-0.8,0.36,-5.1,59.4,47.2
Thu_Mar_02_2023,2080423,35001.08,1.165756,1.166442,0.8078727,0.8414593,0.8348635,55.8,29.6,20,9.621398,800,103.1779,20.76214,4.782384277,-65.3227254,54.904392,122.2671174,5.108144081,4.668404278,-0.8,0.37,-5.1,57.6,45.4
Thu_Mar_02_2023,2086549,35004.23,1.16562,1.164308,0.8077289,0.8418111,0.8305438,51.4,29.6,20,9.621398,800,103.1779,21.50503,4.847296387,-67.7229174,52.12917,121.8920874,5.179063025,4.685681866,-0.8,0.38,-5.1,51.3,39.1
Thu_Mar_02_2023,2092673,35004.4,1.161595,1.160519,0.8045399,0.8426821,0.8297154,48.4,29.6,20,9.621398,800,103.1779,21.73003,4.911356445,-68.0754456,51.454116,121.5695616,5.249051071,4.835996881,-0.8,0.39,-5.1,50.7,38.5
Thu_Mar_02_2023,2098814,35002.36,1.164235,1.163701,0.8059616,0.8416104,0.8371045,46.2,29.7,20,9.621398,800,103.1779,22.16806,4.958650879,-70.430634,47.778822,120.249456,5.300722035,4.846363434,-0.8,0.4,-5.1,51.3,39.1
Thu_Mar_02_2023,2104955,35000.87,1.162414,1.161752,0.8033705,0.8380641,0.8295779,43,29.7,20,9.621398,800,103.1779,21.93847,5.107661621,-75.2010156,42.37839,119.6194056,5.463521928,4.875735334,-0.8,0.41,-5.1,42,29.8
Thu_Mar_02_2023,2111095,35002.3,1.153836,1.154837,0.7971656,0.8340694,0.8288391,40.7,29.7,20,9.621398,800,103.1779,21.89617,5.155256348,-75.5835462,40.278222,117.9017682,5.515520974,5.055422249,-0.8,0.42,-5.1,36.6,24.4
Thu_Mar_02_2023,2117236,35006.69,1.156583,1.154606,0.7991685,0.8332107,0.8211069,36.7,29.7,20,9.621398,800,103.1779,21.20193,5.231871582,-76.8886506,38.103048,117.0316986,5.599226026,5.204009506,-0.8,0.43,-5.1,35.5,23.3
Thu_Mar_02_2023,2123376,35000.7,1.153681,1.153628,0.7970361,0.8321179,0.8235381,35.2,29.8,20,9.621398,800,103.1779,21.00395,5.247774902,-76.88115,34.87779,113.79894,5.616601008,5.072699837,-0.8,0.44,-5.1,33.5,21.3
Thu_Mar_02_2023,2129516,35001.14,1.151238,1.151053,0.7907696,0.8287836,0.8215477,32.2,29.8,20,9.621398,800,103.1779,21.07574,5.305300293,-76.88115,32.402592,111.323742,5.679449681,5.280030893,-0.7,0.45,-5.1,31.6,19.4
Thu_Mar_02_2023,2135657,35005.2,1.151219,1.150112,0.7969981,0.8262993,0.8195294,29.5,29.8,20,9.621398,800,103.1779,21.43989,5.344625977,-76.88115,28.352268,107.273418,5.722414483,5.381968662,-0.8,0.46,-5.1,25.5,13.3
Thu_Mar_02_2023,2141798,35000.57,1.150556,1.151059,0.7931427,0.8219861,0.8268582,28.1,29.8,20,9.621398,800,103.1779,21.7277,5.373203613,-76.88115,28.952316,107.873466,5.753636636,5.193642953,-0.8,0.47,-5.1,27.6,15.4
Thu_Mar_02_2023,2147938,34994.67,1.153481,1.153492,0.8002839,0.8289889,0.8202973,25.3,29.8,20,9.621398,800,103.1779,20.99279,5.396184082,-76.88115,25.652052,104.573202,5.778743671,5.357780039,-0.7,0.48,-5.1,27,14.8
Thu_Mar_02_2023,2154080,35000.72,1.151491,1.149607,0.7978579,0.829617,0.8204796,23.4,29.8,20,9.621398,800,103.1779,21.80167,5.39461377,-76.88115,23.926914,102.848064,5.777028045,5.375057627,-0.8,0.49,-5.1,20.7,8.5
Thu_Mar_02_2023,2160220,35002.17,1.149478,1.149788,0.7990844,0.8344821,0.8218104,22.7,29.9,20,9.621398,800,103.1779,21.49216,5.595437012,-76.88115,22.576806,101.497956,5.996435061,5.447623496,-0.8,0.5,-5.1,20.9,8.7
Thu_Mar_02_2023,2166361,34998.63,1.150551,1.150143,0.7946039,0.8278097,0.8230863,20.4,29.9,20,9.621398,800,103.1779,20.87588,5.535853027,-76.88115,18.7515,97.67265,5.931337296,5.496000743,-0.8,0.51,-5.1,20,7.8
Thu_Mar_02_2023,2172502,35001.1,1.149232,1.147415,0.7963327,0.8297983,0.8204858,19.1,29.9,20,9.621398,800,103.1779,20.76607,5.558038574,-76.88115,18.151452,97.072602,5.955575849,5.554744542,-0.8,0.52,-5.1,19,6.8
Thu_Mar_02_2023,2178643,35000.02,1.147888,1.149087,0.7968538,0.8310798,0.8229536,16.2,29.9,20,9.621398,800,103.1779,20.71087,5.599734375,-76.88115,17.101368,96.022518,6.001130094,5.516733848,-0.8,0.53,-5.1,16.2,4
Thu_Mar_02_2023,2184784,35000.37,1.14979,1.150527,0.80088,0.8354387,0.8204474,16.4,29.9,20,9.621398,800,103.1779,21.29126,5.577541504,-76.88115,16.12629,95.04744,5.97688354,5.454534532,-0.7,0.54,-5.1,16.8,4.6
Thu_Mar_02_2023,2190924,35001.45,1.149981,1.148619,0.7934451,0.8297435,0.8216895,13.5,29.9,20,9.621398,800,103.1779,21.27699,5.676517578,-76.88115,14.701176,93.622326,6.085018658,5.677415417,-0.8,0.55,-5.1,14,1.8
Thu_Mar_02_2023,2197057,35001.64,1.145551,1.146289,0.7955049,0.8345303,0.8247308,12.4,29.9,20,9.621398,800,103.1779,21.76904,5.686263184,-76.8886506,14.926194,93.8548446,6.095666102,5.641132482,-0.8,0.56,-5.1,13.6,1.4
Thu_Mar_02_2023,2203190,35004.51,1.145666,1.145426,0.7951127,0.8292387,0.8184548,11.8,30,20,9.621398,800,103.1779,21.58098,5.686220215,-76.88115,12.450996,91.372146,6.095619157,5.622127135,-0.8,0.57,-5.1,12,-0.2
Thu_Mar_02_2023,2209315,35000.63,1.144725,1.144736,0.7936722,0.8285296,0.8206524,9.6,30,20,9.621398,800,103.1779,20.88923,5.700189453,-76.88115,12.901032,91.822182,6.110881081,5.603121788,-0.8,0.58,-5.1,12.6,0.4
Thu_Mar_02_2023,2215456,34998.26,1.147359,1.148465,0.794369,0.8281885,0.8181812,8.3,30,20,9.621398,800,103.1779,20.56697,5.730536621,-76.88115,12.676014,91.597164,6.144036514,5.464901084,-0.8,0.59,-5.1,12.2,0
Thu_Mar_02_2023,2221596,35002.57,1.146963,1.146759,0.7860516,0.8278769,0.8109383,7.2,30,20,9.621398,800,103.1779,21.23231,5.724178223,-76.88115,8.850708,87.771858,6.137089722,5.668776623,-0.8,0.6,-5.1,10.3,-1.9
Thu_Mar_02_2023,2227737,34999.81,1.146415,1.146203,0.7931436,0.8291849,0.8181989,6.3,30,20,9.621398,800,103.1779,20.92095,5.747975098,-76.88115,10.200816,89.121966,6.163088712,5.594482994,-0.7,0.61,-5.1,9.4,-2.8
Thu_Mar_02_2023,2233878,35000.57,1.144934,1.145056,0.7938296,0.8262824,0.8160588,6.3,30,20,9.621398,800,103.1779,21.74761,5.771625977,-76.88115,9.525762,88.446912,6.188928195,5.739614734,-0.8,0.62,-5.1,12.8,0.6
Thu_Mar_02_2023,2240018,34999.87,1.145486,1.145908,0.795122,0.8284128,0.8184872,4.5,30,20,9.621398,800,103.1779,21.56885,5.804825684,-76.88115,8.925714,87.846864,6.225200135,5.760347839,-0.8,0.63,-5.1,7.9,-4.3
Thu_Mar_02_2023,2246160,35003.35,1.144162,1.143227,0.7908498,0.8281494,0.8178485,3.6,30,20,9.621398,800,103.1779,21.55368,5.740698242,-76.8886506,7.725618,86.6542686,6.155138471,5.553016783,-0.8,0.64,-5.1,6.8,-5.4
Thu_Mar_02_2023,2252299,34999.16,1.142617,1.143508,0.7855434,0.8228771,0.816557,2,30.1,20,9.621398,800,103.1779,20.74575,5.810517578,-76.88115,8.100648,87.021798,6.231418746,5.613488341,-0.8,0.65,-5.1,6.6,-5.6
Thu_Mar_02_2023,2258440,34998.8,1.14851,1.148904,0.7917325,0.8266242,0.8181983,0.9,30.1,20,9.621398,800,103.1779,20.88736,5.756079102,-76.88115,6.525522,85.446672,6.171942643,5.703331799,-0.8,0.66,-5.1,7,-5.2
Thu_Mar_02_2023,2264580,35002.53,1.14526,1.144983,0.7898577,0.827338,0.8116906,-0.1,30.1,20,9.621398,800,103.1779,20.92201,5.690375977,-76.88115,6.900552,85.821702,6.100159485,5.813908362,-0.8,0.67,-5.1,6,-6.2
Thu_Mar_02_2023,2270721,34995.04,1.148047,1.152223,0.7939146,0.8338343,0.8238371,-0.3,30.1,20,9.621398,800,103.1779,20.48976,5.777567383,-76.8886506,5.925474,84.8541246,6.195419407,5.616943859,-0.8,0.68,-5.1,6.6,-5.6
Thu_Mar_02_2023,2276861,34998.87,1.148199,1.147465,0.7978484,0.8335306,0.8221352,-0.5,30.1,20,9.621398,800,103.1779,21.47851,5.831299316,-76.88115,6.675534,85.596684,6.254123584,5.656682311,-0.8,0.69,-5.1,5.8,-6.4
Thu_Mar_02_2023,2283002,35000.64,1.148372,1.148836,0.7979944,0.8248158,0.818315,-1.3,30.1,20,9.621398,800,103.1779,21.65783,5.890575684,-76.88115,5.100408,84.021558,6.318885266,5.806997327,-0.8,0.7,-5.1,5.2,-7
Thu_Mar_02_2023,2289143,35003.62,1.147798,1.144693,0.7899759,0.826407,0.8126532,-1.6,30.1,20,9.621398,800,103.1779,21.82889,5.818276855,-76.88115,5.62545,84.5466,6.239896051,5.65841007,-0.8,0.71,-5.1,4.2,-8
Thu_Mar_02_2023,2295283,34997.52,1.144078,1.144007,0.7938511,0.8285882,0.8183748,-2.7,30.1,20,9.621398,800,103.1779,21.54397,5.736937012,-76.88115,5.325426,84.246576,6.151029184,5.796630774,-0.8,0.72,-5.1,4.5,-7.7
Thu_Mar_02_2023,2301425,35004.46,1.153587,1.153688,0.7975698,0.8316204,0.8244612,-2.6,30.1,20,9.621398,800,103.1779,21.43152,5.827263672,-76.88115,5.25042,84.17157,6.249714489,5.596210753,-0.8,0.73,-5.1,6,-6.2
Thu_Mar_02_2023,2307553,35004.6,1.151623,1.150092,0.7949568,0.8287692,0.8166159,-3.5,30.1,20,9.621398,800,103.1779,21.23219,5.82854541,-76.88115,4.050324,82.971474,6.251114837,5.84500802,-0.8,0.74,-5.1,1.7,-10.5
Thu_Mar_02_2023,2313690,35002.46,1.147334,1.146286,0.7949755,0.8261921,0.8208128,-3.4,30.1,20,9.621398,800,103.1779,20.77182,5.860924316,-76.88115,5.25042,84.17157,6.286490021,5.691237487,-0.8,0.75,-5.1,4,-8.2
Thu_Mar_02_2023,2319830,34997.98,1.14788,1.149187,0.7926021,0.8264786,0.824056,-4.3,30.2,20,9.621398,800,103.1779,21.05945,5.879046387,-76.88115,4.275342,83.196492,6.306289071,5.798358533,-0.8,0.76,-5.1,4.3,-7.9
Thu_Mar_02_2023,2325971,35008.19,1.149431,1.148313,0.7948188,0.8317008,0.8249464,-5.1,30.2,20,9.621398,800,103.1779,21.2701,5.862200195,-76.88115,4.50036,83.42151,6.287883967,5.703331799,-0.8,0.77,-5.1,5.6,-6.6
Thu_Mar_02_2023,2332112,35000.34,1.154013,1.154329,0.7955135,0.8247891,0.815705,-4.8,30.2,20,9.621398,800,103.1779,21.46152,5.787737305,-76.88115,4.725378,83.646528,6.206530432,5.756892322,-0.8,0.78,-5.1,2.2,-10
Thu_Mar_02_2023,2338252,35000.65,1.15049,1.150519,0.7908652,0.8252294,0.8192705,-6.3,30.2,20,9.621398,800,103.1779,21.82411,5.937158203,-76.88115,2.850228,81.771378,6.369778437,5.841552503,-0.8,0.79,-5.1,1.6,-10.6
