Time (ms),Motor speed (rpm),BLDC Q curent for monitoring,Filtered Q current (A),BLDC Ph A amps (abs) (A),BLDC Ph B amps (abs) (A),BLDC Ph C amps (abs) (A),Purge pressure (mHg),ivp purge temperature (C),Purge add flow rate (mlph),Purge add speed (rpm),Purge circulate flow rate (mlph),Purge circulate speed (rpm),BLDC watts (W),Flow_Original (lpm),Input pressure (mmHg),Output pressure (mmHg),Net pressure (mmHg),Flow (lpm)
17332,20002.13,0.6393562,0.6393473,0.4424983,0.4647662,0.4570462,87.2,24,20,9.621398,800,103.1779,6.799523,5.056280762,-30.4974396,-110.333826,-79.3963864,5.407386389
23470,20000.08,0.6409836,0.6412677,0.4398966,0.4581471,0.4528549,62.7,24,20,9.621398,800,103.1779,6.926593,5.076594238,-28.6747938,-110.558844,-81.4440502,5.429579633
29610,20001.97,0.6385534,0.638072,0.4424444,0.4617888,0.456469,54.7,24,20,9.621398,800,103.1779,6.984725,5.087992676,-28.3747698,-110.333826,-81.5190562,5.442032859
35751,19998.35,0.6419659,0.6426657,0.4422908,0.4627099,0.4545667,49.5,24,20,9.621398,800,103.1779,6.875529,4.610095215,-28.0297422,-110.933874,-82.4641318,4.919911739
41892,20002.68,0.6406988,0.6404015,0.4461848,0.4645312,0.4573958,45,24,20,9.621398,800,103.1779,6.764052,5.195015625,-27.9547362,-111.533922,-83.1391858,5.558959494
48034,20001.77,0.6330782,0.6316426,0.4379808,0.4571099,0.453037,42.6,24,20,9.621398,800,103.1779,6.614918,5.095286133,-28.0672452,-110.033802,-81.5265568,5.450001238
54173,19998.15,0.631513,0.6317553,0.4353136,0.4522848,0.4473413,42.7,24,20,9.621398,800,103.1779,6.669346,4.160681152,-27.8872308,-108.908712,-80.5814812,4.428909814
60313,19999.96,0.6263024,0.6266623,0.4350545,0.4533856,0.4470627,43.8,24,20,9.621398,800,103.1779,6.697798,5.140001465,-27.8047242,-109.88379,-81.6390658,5.498854436
66454,20002.3,0.6259599,0.6250118,0.4350524,0.4544414,0.4483224,44.3,24,20,9.621398,800,103.1779,6.657887,5.036089355,-28.1197494,-109.208736,-80.6489866,5.385326511
72594,20000.43,0.6207111,0.6212575,0.4296987,0.449018,0.4439396,42.7,24,20,9.621398,800,103.1779,6.609111,5.099640625,-27.9997398,-109.50876,-81.0690202,5.454758686
84876,20003.12,0.6182246,0.6182977,0.425467,0.4463046,0.4387641,43.6,24,20,9.621398,800,103.1779,6.312884,5.008290527,-27.2421792,-108.833706,-81.1515268,5.354955236
91016,20001.97,0.6195676,0.6192887,0.424836,0.4453492,0.4398765,43.9,24,20,9.621398,800,103.1779,6.410097,5.087807129,-27.4371948,-108.608688,-80.7314932,5.441830142
97157,19999.09,0.6205837,0.6208044,0.4307117,0.4476095,0.4419373,44.7,24,20,9.621398,800,103.1779,6.589459,5.007645996,-27.6097086,-108.308664,-80.2589554,5.354251061
103297,20001.16,0.6183507,0.6183367,0.4256962,0.4443378,0.4367545,42.2,24,20,9.621398,800,103.1779,6.561237,5.009116699,-27.6697134,-108.233658,-80.1239446,5.35585786
109427,20001.97,0.6187507,0.6180602,0.4279128,0.44388,0.4403409,41.9,24,20,9.621398,800,103.1779,6.516844,5.044526855,-27.8122248,-108.308664,-80.0564392,5.3945448
115553,20000.15,0.6192239,0.619234,0.4272414,0.4460178,0.4395836,44.5,24,20,9.621398,800,103.1779,6.669267,5.160216797,-27.0846666,-108.233658,-80.7089914,5.520940453
121688,19999.4,0.6199348,0.6198162,0.4298145,0.4485984,0.4421115,44.3,24,20,9.621398,800,103.1779,6.737835,5.164537109,-27.1821744,-107.483598,-79.8614236,5.525660559
128266,20000.97,0.6161548,0.6157943,0.4278701,0.4464274,0.4400212,41.3,24,20,9.621398,800,103.1779,6.627003,4.780835449,-26.7996438,-107.333586,-80.0939422,5.106451927
135273,19999.97,0.6172478,0.618007,0.4269041,0.4438111,0.4388845,45.8,24,20,9.621398,800,103.1779,6.272001,5.098921875,-27.1671732,-108.608688,-81.0015148,5.453973424
142280,20000.74,0.6164875,0.6169522,0.426289,0.4463691,0.4399056,40.5,24,20,9.621398,800,103.1779,6.465577,5.181423828,-26.6121288,-107.183574,-80.1314452,5.54410994
149268,20000.32,0.615113,0.6150792,0.4240109,0.4426117,0.4365745,46.5,24,20,9.621398,800,103.1779,6.31237,5.008810059,-26.0195814,-106.13349,-79.6739086,5.355522843
156269,20002.56,0.6172822,0.6169667,0.4286438,0.4463473,0.443473,42.3,24,20,9.621398,800,103.1779,6.526217,5.074377441,-26.8371468,-106.058484,-78.7813372,5.427157698
163267,20002.96,0.6254182,0.6246822,0.4352371,0.4498989,0.4464392,45.7,24,20,9.621398,800,103.1779,6.544685,4.928680176,-26.4471156,-105.458436,-78.5713204,5.267977904
170271,20003.48,0.6247691,0.6238528,0.4308628,0.4490245,0.4433574,43.1,24.1,20,9.621398,800,103.1779,6.652691,4.791997559,-26.552124,-104.25834,-77.266216,5.118646956
177277,20001.86,0.6236648,0.6224843,0.4328786,0.4505817,0.4441431,42.5,24.1,20,9.621398,800,103.1779,6.56978,4.893135742,-26.4246138,-104.108328,-77.2437142,5.229144261
184275,20003.12,0.6228253,0.622055,0.4323888,0.4493082,0.4425622,44.3,24.1,20,9.621398,800,103.1779,6.63253,4.946125,-25.6445514,-102.833226,-76.7486746,5.287037037
191258,19996.53,0.6224685,0.6233879,0.4290005,0.4468612,0.4413368,44.7,24.1,20,9.621398,800,103.1779,6.446383,4.851349609,-25.8545682,-102.458196,-76.1636278,5.183491325
198256,20000.04,0.6200452,0.6207163,0.4285129,0.4478182,0.4422126,49.7,24.1,20,9.621398,800,103.1779,6.660757,5.094880371,-25.4570364,-101.483118,-75.5860816,5.449557928
205254,19999.48,0.6171335,0.6180428,0.4279893,0.4475198,0.4404244,44.7,24.1,20,9.621398,800,103.1779,6.450912,4.953883301,-25.5920472,-100.283022,-74.2509748,5.295513275
212253,20000.97,0.61704,0.6173724,0.4234748,0.4440438,0.4378461,49.7,24.1,20,9.621398,800,103.1779,6.670581,4.824210938,-25.2920232,-100.208016,-74.6860096,5.153841295
219251,20001.95,0.6158464,0.6157642,0.4248761,0.4438455,0.4379156,44.8,24.2,20,9.621398,800,103.1779,6.52829,4.832388184,-24.8344866,-98.782902,-73.5084154,5.162775247
226249,20002.86,0.6143284,0.6141658,0.4249478,0.4429899,0.4393826,52.3,24.2,20,9.621398,800,103.1779,6.419127,4.873045898,-23.7093966,-96.982758,-72.8333614,5.207195344
233256,20000.77,0.6154879,0.6154541,0.4275593,0.4463657,0.4400888,49,24.2,20,9.621398,800,103.1779,6.502707,4.874029785,-24.151932,-96.682734,-72.090802,5.208270278
240255,20000.4,0.6166843,0.6161953,0.4239544,0.4438752,0.4368387,53.9,24.2,20,9.621398,800,103.1779,6.524799,4.940581543,-23.739399,-96.307704,-72.128305,5.2809806
247206,20000.81,0.6141899,0.6139249,0.4237828,0.4430825,0.4355517,50.6,24.2,20,9.621398,800,103.1779,6.497094,4.774289063,-23.4918792,-94.807584,-70.8757048,5.099299751
254205,19998.97,0.6161857,0.6168115,0.4265787,0.4439701,0.4395854,54.3,24.2,20,9.621398,800,103.1779,6.625525,4.917615723,-23.3118648,-92.782422,-69.0305572,5.255889569
261203,20001.58,0.6158977,0.6160436,0.4244543,0.4436031,0.4377066,55.8,24.3,20,9.621398,800,103.1779,6.465375,4.673530762,-22.2467796,-90.38223,-67.6954504,4.989217482
268201,20002.16,0.6151138,0.6149368,0.4245254,0.4431843,0.4384357,54,24.3,20,9.621398,800,103.1779,6.520939,4.71340332,-22.614309,-89.182134,-66.127825,5.032779767
275200,20000.91,0.6153815,0.6158947,0.4253932,0.4460296,0.4412588,58.5,24.3,20,9.621398,800,103.1779,6.321013,4.693513672,-22.0592646,-86.556924,-64.0576594,5.01104957
282198,19998.83,0.6169918,0.61718,0.4260844,0.4452698,0.4398307,58.1,24.3,20,9.621398,800,103.1779,6.619966,4.62370459,-21.8792502,-82.206576,-59.8873258,4.934780498
289196,20000.88,0.6153423,0.6153206,0.4258878,0.4449655,0.4404076,64.4,24.3,20,9.621398,800,103.1779,6.420085,3.815055176,-20.5966476,-82.581606,-61.5449584,4.051300312
296195,20001.97,0.6184435,0.6180092,0.4280059,0.4449688,0.441245,63.8,24.3,20,9.621398,800,103.1779,6.528025,4.394258789,-20.2291182,-79.581366,-58.9122478,4.68410225
303209,20002.93,0.6154619,0.6146482,0.4281553,0.4462539,0.4402631,64.5,24.3,20,9.621398,800,103.1779,6.496698,4.608105957,-19.6065684,-78.606288,-58.5597196,4.917738399
310146,20003.06,0.6180851,0.6178503,0.4250492,0.4444841,0.4390787,65.5,24.3,20,9.621398,800,103.1779,6.596317,4.416591309,-19.1490318,-76.731138,-57.1421062,4.708501375
317144,20001.63,0.6157885,0.615643,0.4240097,0.4450983,0.4402469,69.5,24.3,20,9.621398,800,103.1779,6.554957,4.394195313,-18.2939634,-73.055844,-54.3218806,4.684032899
324142,19998.68,0.6167857,0.617313,0.4256334,0.444361,0.4395381,72.4,24.4,20,9.621398,800,103.1779,6.378943,4.270594727,-17.2588806,-71.330706,-53.6318254,4.548994566
331141,20001.88,0.616728,0.6163412,0.4251502,0.4460341,0.4394134,74.9,24.4,20,9.621398,800,103.1779,6.559414,4.353029785,-16.8688494,-68.780502,-51.4716526,4.639057998
338139,19997.84,0.615365,0.6156104,0.425412,0.4435988,0.4383372,78.6,24.4,20,9.621398,800,103.1779,6.358873,4.11854834,-16.276302,-66.980358,-50.264056,4.382878116
345153,20000.9,0.6146559,0.6141159,0.4257505,0.4432487,0.4362797,79.6,24.4,20,9.621398,800,103.1779,6.454151,4.224842773,-15.3912312,-62.780022,-46.9487908,4.499008821
352151,20001.71,0.6156322,0.6146948,0.4264905,0.4427271,0.4393432,82.1,24.4,20,9.621398,800,103.1779,6.498364,4.076512939,-14.9561964,-59.704776,-44.3085796,4.336952845
359150,19999.02,0.6181705,0.61858,0.4286403,0.4436276,0.4417582,84.3,24.4,20,9.621398,800,103.1779,6.576375,3.877233643,-13.1035482,-55.12941,-41.5858618,4.119232648
366147,20000.91,0.619996,0.6200169,0.4272463,0.4467381,0.4418458,90.8,24.4,20,9.621398,800,103.1779,6.49231,3.802086426,-12.7735218,-51.529122,-38.3156002,4.03713146
373093,20000.01,0.6225002,0.6230072,0.4282535,0.446025,0.4430973,92.6,24.4,20,9.621398,800,103.1779,6.55483,3.833605469,-10.4858388,-45.678654,-34.7528152,4.071567212
380092,19999.9,0.6209603,0.6206708,0.4315629,0.4472249,0.443052,98.7,24.4,20,9.621398,800,103.1779,6.550867,3.716182861,-10.8233658,-44.553564,-33.2901982,3.943278555
387090,20002.14,0.6245524,0.6233224,0.432286,0.451135,0.4451127,102.2,24.4,20,9.621398,800,103.1779,6.515124,3.592436523,-9.6307704,-38.028042,-27.9572716,3.808080983
394088,20002.33,0.6267027,0.6263248,0.432549,0.4517949,0.4442004,104.1,24.4,20,9.621398,800,103.1779,6.898387,3.408949951,-8.7156972,-34.277742,-25.1220448,3.607614936
401087,20000.99,0.6301792,0.6300045,0.4371402,0.4553916,0.4508935,113.3,24.4,20,9.621398,800,103.1779,6.788749,3.204645752,-6.8480478,-25.50204,-18.2139922,3.384404842
408101,20001.2,0.6324936,0.6320675,0.4367607,0.456141,0.4517628,119.6,24.5,20,9.621398,800,103.1779,6.784317,3.043752441,-5.1079086,-19.726578,-14.1786694,3.208622792
415099,20000.5,0.6347671,0.6341258,0.4378605,0.4574598,0.4534615,125.7,24.5,20,9.621398,800,103.1779,6.831492,2.884200684,-3.6977958,-12.225978,-8.0881822,3.034306439
422097,20003.04,0.6385874,0.6376312,0.4400591,0.4566762,0.4510399,129.8,24.5,20,9.621398,800,103.1779,6.778972,2.700856201,-2.5652052,-5.325426,-2.3202208,2.833995631
429042,20001.12,0.6419733,0.6415655,0.4444394,0.4631098,0.4565189,131.7,24.5,20,9.621398,800,103.1779,6.616341,2.384513916,-0.5175414,5.700456,6.6579974,2.488379674
436040,20001.12,0.6419733,0.6415655,0.4444394,0.4631098,0.4565189,131.7,24.5,20,9.621398,800,103.1779,6.616341,2.384513916,-0.5175414,5.700456,6.6579974,2.488379674
443043,20000.09,0.641965,0.6424072,0.4451668,0.4632848,0.458845,137,24.5,20,9.621398,800,103.1779,6.800548,2.385914307,-0.2550204,6.00048,6.6955004,2.489909654
450041,20000.09,0.641965,0.6424072,0.4451668,0.4632848,0.458845,137,24.5,20,9.621398,800,103.1779,6.800548,2.385914307,-0.2550204,6.00048,6.6955004,2.489909654
457039,20000.09,0.641965,0.6424072,0.4451668,0.4632848,0.458845,137,24.5,20,9.621398,800,103.1779,6.800548,2.385914307,-0.2550204,6.00048,6.6955004,2.489909654
464041,20000.09,0.641965,0.6424072,0.4451668,0.4632848,0.458845,137,24.5,20,9.621398,800,103.1779,6.800548,2.385914307,-0.2550204,6.00048,6.6955004,2.489909654
471042,20000.09,0.641965,0.6424072,0.4451668,0.4632848,0.458845,137,24.5,20,9.621398,800,103.1779,6.800548,2.385914307,-0.2550204,6.00048,6.6955004,2.489909654
478043,20000.09,0.641965,0.6424072,0.4451668,0.4632848,0.458845,137,24.5,20,9.621398,800,103.1779,6.800548,2.385914307,-0.2550204,6.00048,6.6955004,2.489909654
485045,20000.09,0.641965,0.6424072,0.4451668,0.4632848,0.458845,137,24.5,20,9.621398,800,103.1779,6.800548,2.385914307,-0.2550204,6.00048,6.6955004,2.489909654
504008,20001.58,0.6489803,0.6487389,0.4509164,0.4691328,0.4639724,144.1,24.5,20,9.621398,800,103.1779,6.918727,1.91022876,2.4826986,22.426794,20.3840954,1.970205135
511009,20001.58,0.6489803,0.6487389,0.4509164,0.4691328,0.4639724,144.1,24.5,20,9.621398,800,103.1779,6.918727,1.91022876,2.4826986,22.426794,20.3840954,1.970205135
518010,20001.58,0.6489803,0.6487389,0.4509164,0.4691328,0.4639724,144.1,24.5,20,9.621398,800,103.1779,6.918727,1.91022876,2.4826986,22.426794,20.3840954,1.970205135
525012,20001.58,0.6489803,0.6487389,0.4509164,0.4691328,0.4639724,144.1,24.5,20,9.621398,800,103.1779,6.918727,1.91022876,2.4826986,22.426794,20.3840954,1.970205135
531998,20001.58,0.6489803,0.6487389,0.4509164,0.4691328,0.4639724,144.1,24.5,20,9.621398,800,103.1779,6.918727,1.91022876,2.4826986,22.426794,20.3840954,1.970205135
539012,20001.58,0.6489803,0.6487389,0.4509164,0.4691328,0.4639724,144.1,24.5,20,9.621398,800,103.1779,6.918727,1.91022876,2.4826986,22.426794,20.3840954,1.970205135
546001,20001.58,0.6489803,0.6487389,0.4509164,0.4691328,0.4639724,144.1,24.5,20,9.621398,800,103.1779,6.918727,1.91022876,2.4826986,22.426794,20.3840954,1.970205135
552999,20001.58,0.6489803,0.6487389,0.4509164,0.4691328,0.4639724,144.1,24.5,20,9.621398,800,103.1779,6.918727,1.91022876,2.4826986,22.426794,20.3840954,1.970205135
560001,25001.29,0.8254121,0.8257209,0.5712525,0.5974054,0.5884312,86.6,24.5,20,9.621398,800,103.1779,10.64929,5.289708984,-28.3297662,-97.807824,-69.0380578,5.662415584
567001,25001.29,0.8254121,0.8257209,0.5712525,0.5974054,0.5884312,86.6,24.5,20,9.621398,800,103.1779,10.64929,5.289708984,-28.3297662,-97.807824,-69.0380578,5.662415584
574003,25001.29,0.8254121,0.8257209,0.5712525,0.5974054,0.5884312,86.6,24.5,20,9.621398,800,103.1779,10.64929,5.289708984,-28.3297662,-97.807824,-69.0380578,5.662415584
581001,25001.29,0.8254121,0.8257209,0.5712525,0.5974054,0.5884312,86.6,24.5,20,9.621398,800,103.1779,10.64929,5.289708984,-28.3297662,-97.807824,-69.0380578,5.662415584
588005,25001.29,0.8254121,0.8257209,0.5712525,0.5974054,0.5884312,86.6,24.5,20,9.621398,800,103.1779,10.64929,5.289708984,-28.3297662,-97.807824,-69.0380578,5.662415584
595006,25001.29,0.8254121,0.8257209,0.5712525,0.5974054,0.5884312,86.6,24.5,20,9.621398,800,103.1779,10.64929,5.289708984,-28.3297662,-97.807824,-69.0380578,5.662415584
602010,25001.29,0.8254121,0.8257209,0.5712525,0.5974054,0.5884312,86.6,24.5,20,9.621398,800,103.1779,10.64929,5.289708984,-28.3297662,-97.807824,-69.0380578,5.662415584
609012,25001.29,0.8254121,0.8257209,0.5712525,0.5974054,0.5884312,86.6,24.5,20,9.621398,800,103.1779,10.64929,5.289708984,-28.3297662,-97.807824,-69.0380578,5.662415584
616000,25001.29,0.8254121,0.8257209,0.5712525,0.5974054,0.5884312,86.6,24.5,20,9.621398,800,103.1779,10.64929,5.289708984,-28.3297662,-97.807824,-69.0380578,5.662415584
623010,24999.3,0.8209667,0.8215827,0.5693239,0.592434,0.5840018,56.8,24.6,20,9.621398,800,103.1779,10.46767,4.48123877,-27.602208,-99.682974,-71.640766,4.779131181
630008,24999.3,0.8209667,0.8215827,0.5693239,0.592434,0.5840018,56.8,24.6,20,9.621398,800,103.1779,10.46767,4.48123877,-27.602208,-99.682974,-71.640766,4.779131181
637007,24999.3,0.8209667,0.8215827,0.5693239,0.592434,0.5840018,56.8,24.6,20,9.621398,800,103.1779,10.46767,4.48123877,-27.602208,-99.682974,-71.640766,4.779131181
644005,24999.3,0.8209667,0.8215827,0.5693239,0.592434,0.5840018,56.8,24.6,20,9.621398,800,103.1779,10.46767,4.48123877,-27.602208,-99.682974,-71.640766,4.779131181
651003,24999.3,0.8209667,0.8215827,0.5693239,0.592434,0.5840018,56.8,24.6,20,9.621398,800,103.1779,10.46767,4.48123877,-27.602208,-99.682974,-71.640766,4.779131181
658008,24999.3,0.8209667,0.8215827,0.5693239,0.592434,0.5840018,56.8,24.6,20,9.621398,800,103.1779,10.46767,4.48123877,-27.602208,-99.682974,-71.640766,4.779131181
665009,24999.3,0.8209667,0.8215827,0.5693239,0.592434,0.5840018,56.8,24.6,20,9.621398,800,103.1779,10.46767,4.48123877,-27.602208,-99.682974,-71.640766,4.779131181
672013,24999.3,0.8209667,0.8215827,0.5693239,0.592434,0.5840018,56.8,24.6,20,9.621398,800,103.1779,10.46767,4.48123877,-27.602208,-99.682974,-71.640766,4.779131181
678998,25002.87,0.8132939,0.8132591,0.5634409,0.5877009,0.5776588,45.7,24.8,20,9.621398,800,103.1779,10.68595,4.649891602,-27.4971996,-98.63289,-70.6956904,4.963390803
686007,25002.87,0.8132939,0.8132591,0.5634409,0.5877009,0.5776588,45.7,24.8,20,9.621398,800,103.1779,10.68595,4.649891602,-27.4971996,-98.63289,-70.6956904,4.963390803
693008,25002.87,0.8132939,0.8132591,0.5634409,0.5877009,0.5776588,45.7,24.8,20,9.621398,800,103.1779,10.68595,4.649891602,-27.4971996,-98.63289,-70.6956904,4.963390803
700009,25002.87,0.8132939,0.8132591,0.5634409,0.5877009,0.5776588,45.7,24.8,20,9.621398,800,103.1779,10.68595,4.649891602,-27.4971996,-98.63289,-70.6956904,4.963390803
707011,25002.87,0.8132939,0.8132591,0.5634409,0.5877009,0.5776588,45.7,24.8,20,9.621398,800,103.1779,10.68595,4.649891602,-27.4971996,-98.63289,-70.6956904,4.963390803
714012,25002.87,0.8132939,0.8132591,0.5634409,0.5877009,0.5776588,45.7,24.8,20,9.621398,800,103.1779,10.68595,4.649891602,-27.4971996,-98.63289,-70.6956904,4.963390803
721000,25002.87,0.8132939,0.8132591,0.5634409,0.5877009,0.5776588,45.7,24.8,20,9.621398,800,103.1779,10.68595,4.649891602,-27.4971996,-98.63289,-70.6956904,4.963390803
728001,25002.87,0.8132939,0.8132591,0.5634409,0.5877009,0.5776588,45.7,24.8,20,9.621398,800,103.1779,10.68595,4.649891602,-27.4971996,-98.63289,-70.6956904,4.963390803
734999,25002.87,0.8132939,0.8132591,0.5634409,0.5877009,0.5776588,45.7,24.8,20,9.621398,800,103.1779,10.68595,4.649891602,-27.4971996,-98.63289,-70.6956904,4.963390803
742003,25005.85,0.8105343,0.8097057,0.5633404,0.5832335,0.578019,45.1,24.9,20,9.621398,800,103.1779,10.36804,4.84750293,-26.3496078,-93.907512,-67.1179042,5.179288681
749005,25005.85,0.8105343,0.8097057,0.5633404,0.5832335,0.578019,45.1,24.9,20,9.621398,800,103.1779,10.36804,4.84750293,-26.3496078,-93.907512,-67.1179042,5.179288681
756006,25005.85,0.8105343,0.8097057,0.5633404,0.5832335,0.578019,45.1,24.9,20,9.621398,800,103.1779,10.36804,4.84750293,-26.3496078,-93.907512,-67.1179042,5.179288681
763007,25005.85,0.8105343,0.8097057,0.5633404,0.5832335,0.578019,45.1,24.9,20,9.621398,800,103.1779,10.36804,4.84750293,-26.3496078,-93.907512,-67.1179042,5.179288681
770008,25005.85,0.8105343,0.8097057,0.5633404,0.5832335,0.578019,45.1,24.9,20,9.621398,800,103.1779,10.36804,4.84750293,-26.3496078,-93.907512,-67.1179042,5.179288681
777012,25005.85,0.8105343,0.8097057,0.5633404,0.5832335,0.578019,45.1,24.9,20,9.621398,800,103.1779,10.36804,4.84750293,-26.3496078,-93.907512,-67.1179042,5.179288681
784010,25005.85,0.8105343,0.8097057,0.5633404,0.5832335,0.578019,45.1,24.9,20,9.621398,800,103.1779,10.36804,4.84750293,-26.3496078,-93.907512,-67.1179042,5.179288681
791010,25005.85,0.8105343,0.8097057,0.5633404,0.5832335,0.578019,45.1,24.9,20,9.621398,800,103.1779,10.36804,4.84750293,-26.3496078,-93.907512,-67.1179042,5.179288681
798011,25005.85,0.8105343,0.8097057,0.5633404,0.5832335,0.578019,45.1,24.9,20,9.621398,800,103.1779,10.36804,4.84750293,-26.3496078,-93.907512,-67.1179042,5.179288681
861008,25000.64,0.8156207,0.8156559,0.5661317,0.5863576,0.5840313,57.4,25.2,20,9.621398,800,103.1779,10.6413,4.659157227,-19.7415792,-69.680574,-49.4989948,4.97351385
868012,25000.64,0.8156207,0.8156559,0.5661317,0.5863576,0.5840313,57.4,25.2,20,9.621398,800,103.1779,10.6413,4.659157227,-19.7415792,-69.680574,-49.4989948,4.97351385
874997,25000.64,0.8156207,0.8156559,0.5661317,0.5863576,0.5840313,57.4,25.2,20,9.621398,800,103.1779,10.6413,4.659157227,-19.7415792,-69.680574,-49.4989948,4.97351385
882001,25000.64,0.8156207,0.8156559,0.5661317,0.5863576,0.5840313,57.4,25.2,20,9.621398,800,103.1779,10.6413,4.659157227,-19.7415792,-69.680574,-49.4989948,4.97351385
889002,25000.64,0.8156207,0.8156559,0.5661317,0.5863576,0.5840313,57.4,25.2,20,9.621398,800,103.1779,10.6413,4.659157227,-19.7415792,-69.680574,-49.4989948,4.97351385
896005,25000.64,0.8156207,0.8156559,0.5661317,0.5863576,0.5840313,57.4,25.2,20,9.621398,800,103.1779,10.6413,4.659157227,-19.7415792,-69.680574,-49.4989948,4.97351385
903008,25000.64,0.8156207,0.8156559,0.5661317,0.5863576,0.5840313,57.4,25.2,20,9.621398,800,103.1779,10.6413,4.659157227,-19.7415792,-69.680574,-49.4989948,4.97351385
910010,25000.64,0.8156207,0.8156559,0.5661317,0.5863576,0.5840313,57.4,25.2,20,9.621398,800,103.1779,10.6413,4.659157227,-19.7415792,-69.680574,-49.4989948,4.97351385
916997,25000.64,0.8156207,0.8156559,0.5661317,0.5863576,0.5840313,57.4,25.2,20,9.621398,800,103.1779,10.6413,4.659157227,-19.7415792,-69.680574,-49.4989948,4.97351385
923987,25002.37,0.8206223,0.8192019,0.5666999,0.5890357,0.5864744,83.9,25.3,20,9.621398,800,103.1779,10.59566,3.927791992,-14.7536802,-45.228618,-30.0349378,4.174469564
930991,25002.37,0.8206223,0.8192019,0.5666999,0.5890357,0.5864744,83.9,25.3,20,9.621398,800,103.1779,10.59566,3.927791992,-14.7536802,-45.228618,-30.0349378,4.174469564
937993,25002.37,0.8206223,0.8192019,0.5666999,0.5890357,0.5864744,83.9,25.3,20,9.621398,800,103.1779,10.59566,3.927791992,-14.7536802,-45.228618,-30.0349378,4.174469564
944989,25002.37,0.8206223,0.8192019,0.5666999,0.5890357,0.5864744,83.9,25.3,20,9.621398,800,103.1779,10.59566,3.927791992,-14.7536802,-45.228618,-30.0349378,4.174469564
951990,25002.37,0.8206223,0.8192019,0.5666999,0.5890357,0.5864744,83.9,25.3,20,9.621398,800,103.1779,10.59566,3.927791992,-14.7536802,-45.228618,-30.0349378,4.174469564
958993,25002.37,0.8206223,0.8192019,0.5666999,0.5890357,0.5864744,83.9,25.3,20,9.621398,800,103.1779,10.59566,3.927791992,-14.7536802,-45.228618,-30.0349378,4.174469564
965990,25002.37,0.8206223,0.8192019,0.5666999,0.5890357,0.5864744,83.9,25.3,20,9.621398,800,103.1779,10.59566,3.927791992,-14.7536802,-45.228618,-30.0349378,4.174469564
972991,25002.37,0.8206223,0.8192019,0.5666999,0.5890357,0.5864744,83.9,25.3,20,9.621398,800,103.1779,10.59566,3.927791992,-14.7536802,-45.228618,-30.0349378,4.174469564
980005,24999.76,0.8369012,0.8370912,0.5774092,0.5997928,0.5940876,115.3,25.3,20,9.621398,800,103.1779,10.86092,2.781430908,-3.0152412,10.050804,13.5060452,2.922026558
986135,25002.19,0.8899503,0.8893237,0.6169361,0.6381815,0.6377311,158.3,25.4,20,9.621398,800,103.1779,11.37728,0.148093185,6.2555004,99.307944,93.4924436,0.128284285
1003455,29997.68,1.041489,1.042658,0.7271206,0.7537659,0.7447504,70.5,25.4,20,9.621398,800,103.1779,16.30525,5.122881836,-29.927394,-86.781942,-56.414548,5.480150591
1009595,29999.42,1.038329,1.039303,0.7174861,0.748648,0.7408899,55.3,25.4,20,9.621398,800,103.1779,16.33244,3.57287793,-29.1848346,-86.331906,-56.7070714,3.786712476
1016018,30002.68,1.037251,1.037053,0.7235314,0.7454497,0.7421283,48.3,25.4,20,9.621398,800,103.1779,16.23087,4.741874023,-29.2373388,-86.481918,-56.8045792,5.063885091
1030006,30000.71,1.034787,1.03499,0.7149698,0.742613,0.7361853,41.9,25.5,20,9.621398,800,103.1779,16.29443,4.994879883,-29.9498958,-87.907032,-57.5171362,5.340303598
1037004,30003.16,1.032506,1.030984,0.7157356,0.7450123,0.736903,42.9,25.5,20,9.621398,800,103.1779,16.23768,4.846083496,-29.4548562,-86.481918,-56.5870618,5.177737896
1044003,30003.43,1.031579,1.031287,0.7171131,0.7489192,0.7364303,41.5,25.5,20,9.621398,800,103.1779,16.52502,3.900462646,-29.3048442,-87.682014,-57.9371698,4.144611217
1051008,29998.98,1.02987,1.030227,0.7089625,0.7434174,0.7301407,41.6,25.5,20,9.621398,800,103.1779,16.19955,4.425169922,-29.4248538,-87.75702,-57.8921662,4.717873836
1058006,30000.73,1.030349,1.030874,0.7148582,0.737907,0.7357906,42,25.6,20,9.621398,800,103.1779,16.17482,5.098674805,-28.9748178,-88.582086,-59.1672682,5.45370349
1065005,29997.63,1.031076,1.032391,0.7119988,0.7434172,0.7338538,40.6,25.6,20,9.621398,800,103.1779,16.18058,4.982003418,-28.7948034,-87.456996,-58.2221926,5.326235571
1086015,30005.74,1.028002,1.02723,0.7122155,0.7420509,0.7335235,40.4,25.6,20,9.621398,800,103.1779,16.20904,5.143887695,-28.7197974,-86.706936,-57.5471386,5.50310029
1100017,30005.18,1.032175,1.031078,0.7161266,0.7463246,0.7360231,41.7,25.6,20,9.621398,800,103.1779,16.11973,3.797041992,-29.289843,-87.682014,-57.952171,4.031620225
1107015,30000.36,1.026804,1.026644,0.710057,0.7417566,0.7321404,41.6,25.7,20,9.621398,800,103.1779,16.23879,3.560804199,-28.87731,-86.706936,-57.389626,3.773521468
1114013,30001.97,1.028768,1.027814,0.7081816,0.7376095,0.7338555,37.7,25.7,20,9.621398,800,103.1779,16.06383,3.446065186,-28.839807,-86.856948,-57.577141,3.648164739
1121012,29999.31,1.029802,1.030168,0.7123026,0.7414117,0.7369183,41.3,25.7,20,9.621398,800,103.1779,16.44072,3.254889404,-28.4347746,-85.431834,-56.5570594,3.43929794
1128010,30002.13,1.028478,1.027903,0.7089951,0.7413096,0.7332837,41.1,25.7,20,9.621398,800,103.1779,16.25789,4.317725098,-28.352268,-85.806864,-57.014596,4.600486286
1142007,30001.32,1.029055,1.028553,0.7131474,0.7406463,0.7352094,37.7,25.8,20,9.621398,800,103.1779,16.04453,4.36872998,-28.8848106,-86.031882,-56.7070714,4.656211057
1149022,29997.49,1.028962,1.030846,0.7118388,0.7384228,0.7360006,36.9,25.8,20,9.621398,800,103.1779,16.14457,4.541541992,-28.3222656,-84.38175,-55.3719646,4.845014741
1156020,30000.59,1.028594,1.029021,0.7100586,0.7400956,0.7314605,38.2,25.8,20,9.621398,800,103.1779,16.06851,4.207317871,-28.3597686,-84.75678,-55.9570114,4.479862199
1163021,29999.87,1.028002,1.028114,0.7119608,0.7357417,0.7298807,42,25.8,20,9.621398,800,103.1779,16.10293,4.952506348,-28.0672452,-83.406672,-54.8994268,5.294008902
1177018,30002.58,1.029219,1.028147,0.7128512,0.7451833,0.7337477,40.3,25.9,20,9.621398,800,103.1779,15.92491,4.71663916,-27.7672212,-82.356588,-54.1493668,5.036315044
1184016,29996.73,1.029447,1.030546,0.7092055,0.7381717,0.730521,42.8,25.9,20,9.621398,800,103.1779,16.02679,3.425671631,-27.4071924,-81.981558,-54.1343656,3.625884006
1191014,30000.96,1.028931,1.028485,0.7117264,0.7423508,0.732524,43.6,25.9,20,9.621398,800,103.1779,16.54707,4.840133301,-27.2871828,-80.781462,-53.0542792,5.171237082
1205012,30000.09,1.027889,1.029013,0.7117801,0.7440279,0.734287,42.6,26,20,9.621398,800,103.1779,16.28539,4.458242188,-26.3046042,-78.681294,-51.9366898,4.754006542
1212010,30001.76,1.028816,1.029162,0.7104442,0.7413325,0.7323617,46.3,26,20,9.621398,800,103.1779,15.88765,4.941114746,-26.6346306,-77.106168,-50.0315374,5.281563144
1219024,29999.11,1.028679,1.028801,0.7131029,0.7418981,0.7304503,44,26,20,9.621398,800,103.1779,16.55158,4.830979492,-26.2821024,-77.181174,-50.4590716,5.161236198
1226024,30000.23,1.029028,1.028929,0.7104143,0.7401592,0.7311771,45.2,26,20,9.621398,800,103.1779,16.18309,4.661810547,-26.289603,-75.456036,-48.726433,4.976412703
1233014,30003.64,1.02872,1.027432,0.7128609,0.7362401,0.733,46.7,26,20,9.621398,800,103.1779,16.42379,5.219106445,-25.239519,-74.480958,-48.801439,5.58527963
1247018,30004.27,1.029209,1.02911,0.7110537,0.7410037,0.7321535,49.9,26.1,20,9.621398,800,103.1779,16.29932,4.77332666,-25.8170652,-72.305784,-46.0487188,5.09824829
1254017,30003.62,1.025668,1.025235,0.7118981,0.7424566,0.7323294,46,26.1,20,9.621398,800,103.1779,15.87035,4.036064941,-24.0994278,-69.980598,-45.4411702,4.292761872
1261015,29999.44,1.027601,1.02779,0.7093457,0.7401175,0.7334683,46.9,26.1,20,9.621398,800,103.1779,16.20896,4.140067383,-24.5119608,-68.780502,-43.8285412,4.406388488
1275011,30006.46,1.030042,1.028666,0.7130336,0.7460771,0.7393361,53.4,26.1,20,9.621398,800,103.1779,16.12644,4.32780127,-23.964417,-64.13013,-39.725713,4.611494886
1282026,29999.18,1.031362,1.032359,0.7117305,0.7435254,0.7395815,55.7,26.2,20,9.621398,800,103.1779,16.44279,4.013832031,-23.139351,-62.404992,-38.825641,4.268471574
1289024,30002.54,1.030683,1.030016,0.7180202,0.7444871,0.7363492,57.7,26.2,20,9.621398,800,103.1779,16.31172,4.273214355,-22.0742658,-58.50468,-35.9904142,4.55185661
1296022,30000.18,1.031758,1.03187,0.7145898,0.7392174,0.735078,60.2,26.2,20,9.621398,800,103.1779,16.09444,4.426804199,-22.0292622,-59.25474,-36.7854778,4.719659346
1303020,29996.75,1.030434,1.031259,0.7139704,0.7403835,0.7349393,59.5,26.2,20,9.621398,800,103.1779,16.12601,4.603131348,-20.9566764,-54.37935,-32.9826736,4.91230345
1310019,30002.94,1.030168,1.029018,0.7127882,0.7401967,0.7346981,56.9,26.2,20,9.621398,800,103.1779,15.89014,4.671881836,-20.7241578,-53.479278,-32.3151202,4.987415968
1317017,29997.18,1.03283,1.034566,0.7127259,0.7419718,0.7355845,62.3,26.2,20,9.621398,800,103.1779,16.14472,4.685196777,-21.039183,-51.454116,-29.974933,5.001963047
1324021,29997.18,1.03283,1.034566,0.7127259,0.7419718,0.7355845,62.3,26.2,20,9.621398,800,103.1779,16.14472,4.685196777,-21.039183,-51.454116,-29.974933,5.001963047
1331022,29997.18,1.03283,1.034566,0.7127259,0.7419718,0.7355845,62.3,26.2,20,9.621398,800,103.1779,16.14472,4.685196777,-21.039183,-51.454116,-29.974933,5.001963047
1338026,29997.18,1.03283,1.034566,0.7127259,0.7419718,0.7355845,62.3,26.2,20,9.621398,800,103.1779,16.14472,4.685196777,-21.039183,-51.454116,-29.974933,5.001963047
1401021,29999.38,1.038528,1.038976,0.7187155,0.74989,0.7362892,73,26.3,20,9.621398,800,103.1779,16.42426,3.852335449,-17.5664052,-34.652772,-16.6463668,4.092030426
1408022,29999.38,1.038528,1.038976,0.7187155,0.74989,0.7362892,73,26.3,20,9.621398,800,103.1779,16.42426,3.852335449,-17.5664052,-34.652772,-16.6463668,4.092030426
1415021,29999.38,1.038528,1.038976,0.7187155,0.74989,0.7362892,73,26.3,20,9.621398,800,103.1779,16.42426,3.852335449,-17.5664052,-34.652772,-16.6463668,4.092030426
1422026,29999.38,1.038528,1.038976,0.7187155,0.74989,0.7362892,73,26.3,20,9.621398,800,103.1779,16.42426,3.852335449,-17.5664052,-34.652772,-16.6463668,4.092030426
1429012,29999.38,1.038528,1.038976,0.7187155,0.74989,0.7362892,73,26.3,20,9.621398,800,103.1779,16.42426,3.852335449,-17.5664052,-34.652772,-16.6463668,4.092030426
1436013,29999.38,1.038528,1.038976,0.7187155,0.74989,0.7362892,73,26.3,20,9.621398,800,103.1779,16.42426,3.852335449,-17.5664052,-34.652772,-16.6463668,4.092030426
1443014,29999.38,1.038528,1.038976,0.7187155,0.74989,0.7362892,73,26.3,20,9.621398,800,103.1779,16.42426,3.852335449,-17.5664052,-34.652772,-16.6463668,4.092030426
1450015,29999.38,1.038528,1.038976,0.7187155,0.74989,0.7362892,73,26.3,20,9.621398,800,103.1779,16.42426,3.852335449,-17.5664052,-34.652772,-16.6463668,4.092030426
1457016,29999.38,1.038528,1.038976,0.7187155,0.74989,0.7362892,73,26.3,20,9.621398,800,103.1779,16.42426,3.852335449,-17.5664052,-34.652772,-16.6463668,4.092030426
1464017,29998.98,1.053872,1.053895,0.7332211,0.7544318,0.7491391,109.8,26.4,20,9.621398,800,103.1779,16.70409,2.981040527,-8.3556684,7.275582,16.0712504,3.140107645
1471021,29998.98,1.053872,1.053895,0.7332211,0.7544318,0.7491391,109.8,26.4,20,9.621398,800,103.1779,16.70409,2.981040527,-8.3556684,7.275582,16.0712504,3.140107645
1478019,29998.98,1.053872,1.053895,0.7332211,0.7544318,0.7491391,109.8,26.4,20,9.621398,800,103.1779,16.70409,2.981040527,-8.3556684,7.275582,16.0712504,3.140107645
1485024,29998.98,1.053872,1.053895,0.7332211,0.7544318,0.7491391,109.8,26.4,20,9.621398,800,103.1779,16.70409,2.981040527,-8.3556684,7.275582,16.0712504,3.140107645
1504019,29998.98,1.053872,1.053895,0.7332211,0.7544318,0.7491391,109.8,26.4,20,9.621398,800,103.1779,16.70409,2.981040527,-8.3556684,7.275582,16.0712504,3.140107645
1511017,29998.98,1.053872,1.053895,0.7332211,0.7544318,0.7491391,109.8,26.4,20,9.621398,800,103.1779,16.70409,2.981040527,-8.3556684,7.275582,16.0712504,3.140107645
1518018,29998.98,1.053872,1.053895,0.7332211,0.7544318,0.7491391,109.8,26.4,20,9.621398,800,103.1779,16.70409,2.981040527,-8.3556684,7.275582,16.0712504,3.140107645
1525017,30001.9,1.082863,1.082044,0.7490516,0.7820529,0.7730554,146.6,26.5,20,9.621398,800,103.1779,16.7739,1.091699341,5.3104248,96.082686,91.2122612,1.091699341
1532018,30001.9,1.082863,1.082044,0.7490516,0.7820529,0.7730554,146.6,26.5,20,9.621398,800,103.1779,16.7739,1.091699341,5.3104248,96.082686,91.2122612,1.091699341
1539022,30001.9,1.082863,1.082044,0.7490516,0.7820529,0.7730554,146.6,26.5,20,9.621398,800,103.1779,16.7739,1.091699341,5.3104248,96.082686,91.2122612,1.091699341
1546020,30001.9,1.082863,1.082044,0.7490516,0.7820529,0.7730554,146.6,26.5,20,9.621398,800,103.1779,16.7739,1.091699341,5.3104248,96.082686,91.2122612,1.091699341
1553019,30001.9,1.082863,1.082044,0.7490516,0.7820529,0.7730554,146.6,26.5,20,9.621398,800,103.1779,16.7739,1.091699341,5.3104248,96.082686,91.2122612,1.091699341
1560012,30001.9,1.082863,1.082044,0.7490516,0.7820529,0.7730554,146.6,26.5,20,9.621398,800,103.1779,16.7739,1.091699341,5.3104248,96.082686,91.2122612,1.091699341
1567013,30001.9,1.082863,1.082044,0.7490516,0.7820529,0.7730554,146.6,26.5,20,9.621398,800,103.1779,16.7739,1.091699341,5.3104248,96.082686,91.2122612,1.091699341
1574012,30001.9,1.082863,1.082044,0.7490516,0.7820529,0.7730554,146.6,26.5,20,9.621398,800,103.1779,16.7739,1.091699341,5.3104248,96.082686,91.2122612,1.091699341
1581026,34999.03,1.287593,1.288455,0.8937325,0.9327366,0.9172069,48.6,26.6,20,9.621398,800,103.1779,24.26006,3.4055,-30.1299102,-78.531282,-47.9613718,3.603845734
1588017,34999.03,1.287593,1.288455,0.8937325,0.9327366,0.9172069,48.6,26.6,20,9.621398,800,103.1779,24.26006,3.4055,-30.1299102,-78.531282,-47.9613718,3.603845734
1595018,34999.03,1.287593,1.288455,0.8937325,0.9327366,0.9172069,48.6,26.6,20,9.621398,800,103.1779,24.26006,3.4055,-30.1299102,-78.531282,-47.9613718,3.603845734
1602017,34999.03,1.287593,1.288455,0.8937325,0.9327366,0.9172069,48.6,26.6,20,9.621398,800,103.1779,24.26006,3.4055,-30.1299102,-78.531282,-47.9613718,3.603845734
1609022,34999.03,1.287593,1.288455,0.8937325,0.9327366,0.9172069,48.6,26.6,20,9.621398,800,103.1779,24.26006,3.4055,-30.1299102,-78.531282,-47.9613718,3.603845734
1616023,34999.03,1.287593,1.288455,0.8937325,0.9327366,0.9172069,48.6,26.6,20,9.621398,800,103.1779,24.26006,3.4055,-30.1299102,-78.531282,-47.9613718,3.603845734
1623025,34999.03,1.287593,1.288455,0.8937325,0.9327366,0.9172069,48.6,26.6,20,9.621398,800,103.1779,24.26006,3.4055,-30.1299102,-78.531282,-47.9613718,3.603845734
1630014,34999.03,1.287593,1.288455,0.8937325,0.9327366,0.9172069,48.6,26.6,20,9.621398,800,103.1779,24.26006,3.4055,-30.1299102,-78.531282,-47.9613718,3.603845734
1637015,34999.03,1.287593,1.288455,0.8937325,0.9327366,0.9172069,48.6,26.6,20,9.621398,800,103.1779,24.26006,3.4055,-30.1299102,-78.531282,-47.9613718,3.603845734
1644012,34994.84,1.281081,1.28222,0.8881192,0.9197939,0.9116001,40.5,26.8,20,9.621398,800,103.1779,24.0757,5.03738623,-30.077406,-79.806384,-49.288978,5.386743396
1651014,34994.84,1.281081,1.28222,0.8881192,0.9197939,0.9116001,40.5,26.8,20,9.621398,800,103.1779,24.0757,5.03738623,-30.077406,-79.806384,-49.288978,5.386743396
1658012,34994.84,1.281081,1.28222,0.8881192,0.9197939,0.9116001,40.5,26.8,20,9.621398,800,103.1779,24.0757,5.03738623,-30.077406,-79.806384,-49.288978,5.386743396
1665026,34994.84,1.281081,1.28222,0.8881192,0.9197939,0.9116001,40.5,26.8,20,9.621398,800,103.1779,24.0757,5.03738623,-30.077406,-79.806384,-49.288978,5.386743396
1672025,34994.84,1.281081,1.28222,0.8881192,0.9197939,0.9116001,40.5,26.8,20,9.621398,800,103.1779,24.0757,5.03738623,-30.077406,-79.806384,-49.288978,5.386743396
1679023,34994.84,1.281081,1.28222,0.8881192,0.9197939,0.9116001,40.5,26.8,20,9.621398,800,103.1779,24.0757,5.03738623,-30.077406,-79.806384,-49.288978,5.386743396
1686012,34994.84,1.281081,1.28222,0.8881192,0.9197939,0.9116001,40.5,26.8,20,9.621398,800,103.1779,24.0757,5.03738623,-30.077406,-79.806384,-49.288978,5.386743396
1693021,34994.84,1.281081,1.28222,0.8881192,0.9197939,0.9116001,40.5,26.8,20,9.621398,800,103.1779,24.0757,5.03738623,-30.077406,-79.806384,-49.288978,5.386743396
1819015,35002.05,1.27954,1.279448,0.8923302,0.9225783,0.9193899,51.1,27.4,20,9.621398,800,103.1779,24.41124,3.65029248,-25.6745538,-59.104728,-32.9901742,3.871290812
1826019,35002.05,1.27954,1.279448,0.8923302,0.9225783,0.9193899,51.1,27.4,20,9.621398,800,103.1779,24.41124,3.65029248,-25.6745538,-59.104728,-32.9901742,3.871290812
1833018,35002.05,1.27954,1.279448,0.8923302,0.9225783,0.9193899,51.1,27.4,20,9.621398,800,103.1779,24.41124,3.65029248,-25.6745538,-59.104728,-32.9901742,3.871290812
1840018,35002.05,1.27954,1.279448,0.8923302,0.9225783,0.9193899,51.1,27.4,20,9.621398,800,103.1779,24.41124,3.65029248,-25.6745538,-59.104728,-32.9901742,3.871290812
1847024,35002.05,1.27954,1.279448,0.8923302,0.9225783,0.9193899,51.1,27.4,20,9.621398,800,103.1779,24.41124,3.65029248,-25.6745538,-59.104728,-32.9901742,3.871290812
1854012,35002.05,1.27954,1.279448,0.8923302,0.9225783,0.9193899,51.1,27.4,20,9.621398,800,103.1779,24.41124,3.65029248,-25.6745538,-59.104728,-32.9901742,3.871290812
1861016,35002.05,1.27954,1.279448,0.8923302,0.9225783,0.9193899,51.1,27.4,20,9.621398,800,103.1779,24.41124,3.65029248,-25.6745538,-59.104728,-32.9901742,3.871290812
1868021,35002.05,1.27954,1.279448,0.8923302,0.9225783,0.9193899,51.1,27.4,20,9.621398,800,103.1779,24.41124,3.65029248,-25.6745538,-59.104728,-32.9901742,3.871290812
1875022,35002.05,1.27954,1.279448,0.8923302,0.9225783,0.9193899,51.1,27.4,20,9.621398,800,103.1779,24.41124,3.65029248,-25.6745538,-59.104728,-32.9901742,3.871290812
1882011,35000.84,1.283541,1.283714,0.8862188,0.9203936,0.9151543,65.8,27.5,20,9.621398,800,103.1779,24.08357,4.59665918,-21.7592406,-39.303144,-17.1039034,4.905232361
1889013,35000.84,1.283541,1.283714,0.8862188,0.9203936,0.9151543,65.8,27.5,20,9.621398,800,103.1779,24.08357,4.59665918,-21.7592406,-39.303144,-17.1039034,4.905232361
1896023,35000.84,1.283541,1.283714,0.8862188,0.9203936,0.9151543,65.8,27.5,20,9.621398,800,103.1779,24.08357,4.59665918,-21.7592406,-39.303144,-17.1039034,4.905232361
1903024,35000.84,1.283541,1.283714,0.8862188,0.9203936,0.9151543,65.8,27.5,20,9.621398,800,103.1779,24.08357,4.59665918,-21.7592406,-39.303144,-17.1039034,4.905232361
1910026,35000.84,1.283541,1.283714,0.8862188,0.9203936,0.9151543,65.8,27.5,20,9.621398,800,103.1779,24.08357,4.59665918,-21.7592406,-39.303144,-17.1039034,4.905232361
1917015,35000.84,1.283541,1.283714,0.8862188,0.9203936,0.9151543,65.8,27.5,20,9.621398,800,103.1779,24.08357,4.59665918,-21.7592406,-39.303144,-17.1039034,4.905232361
1924016,35000.84,1.283541,1.283714,0.8862188,0.9203936,0.9151543,65.8,27.5,20,9.621398,800,103.1779,24.08357,4.59665918,-21.7592406,-39.303144,-17.1039034,4.905232361
1931017,35000.84,1.283541,1.283714,0.8862188,0.9203936,0.9151543,65.8,27.5,20,9.621398,800,103.1779,24.08357,4.59665918,-21.7592406,-39.303144,-17.1039034,4.905232361
1938025,35000.84,1.283541,1.283714,0.8862188,0.9203936,0.9151543,65.8,27.5,20,9.621398,800,103.1779,24.08357,4.59665918,-21.7592406,-39.303144,-17.1039034,4.905232361
1945013,34996.76,1.29757,1.300187,0.8936864,0.9394347,0.9153687,93.5,27.7,20,9.621398,800,103.1779,24.56737,2.508883057,-11.6484318,5.325426,17.4138578,2.624257682
1952016,34996.76,1.29757,1.300187,0.8936864,0.9394347,0.9153687,93.5,27.7,20,9.621398,800,103.1779,24.56737,2.508883057,-11.6484318,5.325426,17.4138578,2.624257682
1959018,34996.76,1.29757,1.300187,0.8936864,0.9394347,0.9153687,93.5,27.7,20,9.621398,800,103.1779,24.56737,2.508883057,-11.6484318,5.325426,17.4138578,2.624257682
1966021,34996.76,1.29757,1.300187,0.8936864,0.9394347,0.9153687,93.5,27.7,20,9.621398,800,103.1779,24.56737,2.508883057,-11.6484318,5.325426,17.4138578,2.624257682
1973029,34996.76,1.29757,1.300187,0.8936864,0.9394347,0.9153687,93.5,27.7,20,9.621398,800,103.1779,24.56737,2.508883057,-11.6484318,5.325426,17.4138578,2.624257682
1980015,34996.76,1.29757,1.300187,0.8936864,0.9394347,0.9153687,93.5,27.7,20,9.621398,800,103.1779,24.56737,2.508883057,-11.6484318,5.325426,17.4138578,2.624257682
1987016,34996.76,1.29757,1.300187,0.8936864,0.9394347,0.9153687,93.5,27.7,20,9.621398,800,103.1779,24.56737,2.508883057,-11.6484318,5.325426,17.4138578,2.624257682
