Time (ms),Motor speed (rpm),BLDC Q curent for monitoring,Filtered Q current (A),BLDC Ph A amps (abs) (A),BLDC Ph B amps (abs) (A),BLDC Ph C amps (abs) (A),Purge pressure (mHg),ivp purge temperature (C),Purge add flow rate (mlph),Purge add speed (rpm),Purge circulate flow rate (mlph),Purge circulate speed (rpm),BLDC watts (W),Flow_Original (lpm),Input pressure (mmHg),Output pressure (mmHg),Net pressure (mmHg),Flow (lpm),
17313,20000.12,0.6301,0.630629,0.434922,0.45499,0.450613,123.3,27,20,9.621398,800,103.1779,6.417461,3.944824951,-15.451236,-49.87899,-30.567754,4.193078719,
23453,20001.69,0.625418,0.625723,0.431211,0.449556,0.444844,105.8,27,20,9.621398,800,103.1779,6.42342,3.954077881,-14.8586886,-48.903912,-30.1852234,4.203187896,
29593,20000.97,0.624596,0.625394,0.429551,0.449906,0.44436,99.9,26.9,20,9.621398,800,103.1779,6.607536,3.909574219,-15.1287102,-48.828906,-29.8401958,4.154565955,
35735,20001.52,0.620169,0.620344,0.428292,0.446253,0.441573,94.2,26.9,20,9.621398,800,103.1779,6.665117,3.973809326,-15.1587126,-49.353948,-30.3352354,4.224745249,
41863,19999.96,0.621294,0.62064,0.426978,0.447025,0.440759,96.7,26.9,20,9.621398,800,103.1779,6.469933,3.936531494,-15.2187174,-48.7539,-29.6751826,4.184017802,
48000,20002.68,0.616335,0.615834,0.428859,0.447859,0.441826,98.7,26.9,20,9.621398,800,103.1779,6.564656,3.950950195,-15.038703,-50.929074,-32.030371,4.19977078,
54141,19997.15,0.616811,0.618327,0.42553,0.443359,0.436656,92.5,26.8,20,9.621398,800,103.1779,6.42452,3.914530029,-15.3987318,-49.50396,-30.2452282,4.159980366,
60281,20000.76,0.614748,0.613862,0.426226,0.444468,0.440749,93.1,26.8,20,9.621398,800,103.1779,6.562962,3.885386719,-15.1962156,-48.903912,-29.8476964,4.128140193,
66422,20002.07,0.613734,0.613302,0.427368,0.446497,0.442284,91.6,26.8,20,9.621398,800,103.1779,6.262102,3.960838135,-15.038703,-47.853828,-28.955125,4.21057373,
72563,20000.92,0.614991,0.614199,0.423583,0.441878,0.437849,92.3,26.8,20,9.621398,800,103.1779,6.576101,3.915989258,-14.9486958,-48.903912,-30.0952162,4.161574629,
78704,20002.17,0.610633,0.609987,0.422747,0.441663,0.436893,89.6,26.8,20,9.621398,800,103.1779,6.476723,3.933630371,-15.1212096,-49.353948,-30.3727384,4.180848215,
84844,19998.97,0.611496,0.610386,0.421374,0.438211,0.433863,94.6,26.8,20,9.621398,800,103.1779,6.518486,3.922069824,-15.2562204,-47.928834,-28.8126136,4.168217879,
90985,20001.95,0.608818,0.608506,0.420979,0.438069,0.433197,91,26.8,20,9.621398,800,103.1779,6.313138,3.918888428,-15.0312024,-47.403792,-28.5125896,4.164742082,
97124,20002.68,0.608223,0.607761,0.42496,0.441962,0.436318,92.2,26.7,20,9.621398,800,103.1779,6.142381,3.90591333,-14.7161772,-47.853828,-29.2776508,4.150566295,
103252,20003.16,0.611571,0.611127,0.423926,0.441016,0.436596,90.2,26.7,20,9.621398,800,103.1779,6.321779,3.903925537,-14.5586646,-47.028762,-28.6100974,4.148394556,
109391,19999.99,0.609422,0.609612,0.421282,0.440533,0.435097,93.2,26.7,20,9.621398,800,103.1779,6.268149,3.923574707,-14.6561724,-48.453876,-29.9377036,4.16986202,
115532,20002.47,0.610151,0.609997,0.422883,0.441697,0.43816,87.3,26.7,20,9.621398,800,103.1779,6.276247,3.925355469,-14.5061604,-48.453876,-30.0877156,4.17180757,
121672,19999.27,0.612185,0.612212,0.423652,0.441,0.435656,89.7,26.7,20,9.621398,800,103.1779,6.559188,3.875510498,-14.6486718,-46.203696,-27.6950242,4.117350047,
127813,20001.5,0.607807,0.60713,0.421952,0.43949,0.434506,89.5,26.7,20,9.621398,800,103.1779,6.533224,3.880182861,-14.9936994,-47.103768,-28.2500686,4.122454781,
133953,20001.14,0.607446,0.60639,0.42163,0.439264,0.433346,88.4,26.7,20,9.621398,800,103.1779,6.5703,3.896998779,-14.701176,-44.328546,-25.76737,4.14082681,
140094,20002.35,0.606489,0.606389,0.42113,0.439055,0.433038,90.4,26.7,20,9.621398,800,103.1779,6.302947,3.87269873,-14.25114,-45.75366,-27.64252,4.114278084,
146235,20000.12,0.610386,0.61071,0.419849,0.439136,0.432498,89.3,26.7,20,9.621398,800,103.1779,6.316527,3.925235107,-14.6036682,-44.703576,-26.2399078,4.171676071,
152360,19998.62,0.610229,0.611211,0.420117,0.440375,0.433508,88.8,26.6,20,9.621398,800,103.1779,6.519654,3.87700293,-14.1461316,-45.303624,-27.2974924,4.118980585,
158500,20000.42,0.610162,0.610482,0.418,0.437103,0.431402,91.2,26.6,20,9.621398,800,103.1779,6.544737,3.884705566,-14.2436394,-46.053684,-27.9500446,4.127396008,
164641,20000.25,0.60881,0.608565,0.420744,0.438645,0.432965,88,26.6,20,9.621398,800,103.1779,6.230832,3.807874268,-13.9436154,-45.528642,-27.7250266,4.043454897,
170782,19999.86,0.608041,0.60807,0.42007,0.438921,0.431654,89.5,26.6,20,9.621398,800,103.1779,6.249209,3.833169434,-14.2286382,-43.953516,-25.8648778,4.071090827,
176907,20002.72,0.610625,0.609917,0.421754,0.440416,0.432681,89.5,26.6,20,9.621398,800,103.1779,6.379821,3.841101318,-13.7936034,-43.653492,-25.9998886,4.079756712,
183048,20000.96,0.607936,0.607931,0.417783,0.437688,0.433802,94.2,26.6,20,9.621398,800,103.1779,6.47862,3.815430664,-13.7861028,-42.75342,-25.1073172,4.051710547,
189189,19997.14,0.610085,0.610078,0.421568,0.441932,0.435401,90.4,26.6,20,9.621398,800,103.1779,6.355429,3.832835449,-13.9436154,-42.453396,-24.6497806,4.070725936,
195329,20002.96,0.609494,0.609596,0.421416,0.44125,0.437233,90.6,26.6,20,9.621398,800,103.1779,6.338398,3.786436279,-13.2685614,-41.328306,-24.1997446,4.020033081,
201470,20000.83,0.607802,0.608017,0.421495,0.437906,0.43266,94.8,26.6,20,9.621398,800,103.1779,6.334903,3.751980225,-13.576086,-41.028282,-23.592196,3.982388533,
207610,20001.95,0.608739,0.607457,0.422132,0.439919,0.43418,95,26.6,20,9.621398,800,103.1779,6.203547,3.763859131,-13.2310584,-41.028282,-23.9372236,3.995366689,
213751,20001.19,0.608946,0.608213,0.422673,0.440023,0.433829,94.5,26.6,20,9.621398,800,103.1779,6.452708,3.754397461,-13.1935554,-39.903192,-22.8496366,3.985029456,
219878,20002.14,0.611198,0.611535,0.424093,0.440958,0.435643,96.7,26.6,20,9.621398,800,103.1779,6.461147,3.694673096,-13.0660452,-40.50324,-23.5771948,3.919778319,
226017,20000.29,0.607479,0.607171,0.420942,0.439572,0.434349,97.6,26.6,20,9.621398,800,103.1779,6.275789,3.673313721,-12.5335026,-36.902952,-20.5094494,3.896442391,
232157,19998.85,0.610318,0.611651,0.422948,0.441118,0.43678,95.2,26.6,20,9.621398,800,103.1779,6.204231,3.676623291,-12.976038,-36.677934,-19.841896,3.900058222,
238295,19998.78,0.609206,0.610388,0.419639,0.439319,0.434781,95.4,26.6,20,9.621398,800,103.1779,6.359225,3.673714111,-12.713517,-37.12797,-20.554453,3.896879833,
244436,19999.08,0.613546,0.613895,0.422318,0.44079,0.434904,90.7,26.6,20,9.621398,800,103.1779,6.200809,3.654385986,-12.4959996,-35.102808,-18.7468084,3.875763123,
250576,19998.03,0.611353,0.61205,0.423068,0.440907,0.433802,98,26.6,20,9.621398,800,103.1779,6.117125,3.596751465,-12.038463,-33.302664,-17.404201,3.81279522,
256718,20002.02,0.613338,0.612291,0.42156,0.439274,0.432874,98.1,26.6,20,9.621398,800,103.1779,6.372637,3.570820068,-11.8584486,-31.952556,-16.2341074,3.784464185,
262845,20001.74,0.61002,0.609895,0.421189,0.438981,0.433252,101,26.6,20,9.621398,800,103.1779,6.569843,3.563981934,-11.6409312,-31.202496,-15.7015648,3.776993263,
268983,20001.97,0.612636,0.613202,0.424896,0.444049,0.438707,101.7,26.6,20,9.621398,800,103.1779,6.524421,3.500332275,-11.2734018,-29.25234,-14.1189382,3.707453595,
275124,20002.01,0.611952,0.612019,0.423856,0.442812,0.438856,100.4,26.6,20,9.621398,800,103.1779,6.630293,3.471746582,-10.7483598,-27.827226,-13.2188662,3.67622264,
281265,19999.98,0.612643,0.61321,0.424323,0.442032,0.437974,105.9,26.6,20,9.621398,800,103.1779,6.446365,3.433766357,-10.6808544,-25.952076,-11.4112216,3.634727802,
287405,19998.99,0.613098,0.613486,0.423917,0.440723,0.434947,102.5,26.6,20,9.621398,800,103.1779,6.610053,3.377329102,-10.3283262,-25.427034,-11.2387078,3.573067958,
293546,19998.62,0.613341,0.613695,0.422959,0.441381,0.434891,106.4,26.6,20,9.621398,800,103.1779,6.066731,3.362610352,-9.8557884,-21.901752,-8.1859636,3.556987164,
299681,20002.96,0.615585,0.615002,0.426869,0.4441,0.43816,107.4,26.6,20,9.621398,800,103.1779,6.345302,3.318536377,-9.3682494,-21.076686,-7.8484366,3.508834674,
305822,20000,0.617329,0.618439,0.426849,0.446879,0.440691,112.5,26.6,20,9.621398,800,103.1779,6.298545,3.269138428,-8.8957116,-18.901512,-6.1458004,3.454865539,
311963,20002.02,0.614917,0.613974,0.425504,0.444148,0.438189,108.9,26.6,20,9.621398,800,103.1779,6.42885,3.157272217,-8.5656852,-16.651332,-4.2256468,3.332647456,
318102,20000.15,0.617661,0.617741,0.425921,0.44355,0.441279,111.1,26.6,20,9.621398,800,103.1779,6.462907,3.135121582,-8.175654,-15.826266,-3.790612,3.308447047,
324244,20003.77,0.617648,0.61672,0.426574,0.445805,0.440363,114,26.6,20,9.621398,800,103.1779,6.28355,3.096166748,-8.063145,-13.951116,-2.027971,3.265887412,
330383,20002.75,0.61467,0.614003,0.430035,0.447305,0.442172,115.1,26.6,20,9.621398,800,103.1779,6.403903,3.046872559,-7.7181174,-12.901032,-1.3229146,3.212031638,
336525,19999.39,0.61725,0.617607,0.428531,0.446536,0.441819,115.3,26.6,20,9.621398,800,103.1779,6.455628,2.963663086,-7.0055604,-9.600768,1.2647924,3.12112213,
342665,19999.38,0.616287,0.615551,0.426421,0.445377,0.440257,118.2,26.6,20,9.621398,800,103.1779,6.359182,2.907541748,-6.187995,-6.75054,3.297455,3.059807438,
348806,20001.28,0.620216,0.621413,0.429706,0.447792,0.443182,119.2,26.6,20,9.621398,800,103.1779,6.610454,2.798184326,-5.700456,-2.400192,7.160264,2.940330303,
354946,19998.83,0.621917,0.622892,0.427977,0.445745,0.440529,124.3,26.6,20,9.621398,800,103.1779,6.449603,2.745656494,-5.4229338,-0.825066,8.4578678,2.882941652,
361096,19998.57,0.621023,0.620365,0.429623,0.448055,0.444584,124.6,26.6,20,9.621398,800,103.1779,6.562552,2.608125977,-4.5453636,4.12533,12.5306936,2.73268434,
367236,20001.76,0.622284,0.621769,0.431932,0.449763,0.44468,127.4,26.6,20,9.621398,800,103.1779,6.660965,2.569272461,-4.4403552,5.700456,14.0008112,2.690235399,
373370,20001.56,0.623664,0.623838,0.431314,0.447478,0.442545,127.2,26.6,20,9.621398,800,103.1779,6.531098,2.448897949,-3.8928114,9.975798,17.7286094,2.558721675,
379502,20003.3,0.623226,0.622758,0.431592,0.450048,0.443477,132.8,26.6,20,9.621398,800,103.1779,6.531117,2.316207764,-3.262761,14.401152,21.523913,2.41375261,
385642,20000.17,0.629874,0.629774,0.435934,0.453849,0.447701,139,26.6,20,9.621398,800,103.1779,6.441143,2.097848877,-1.5526242,22.051764,27.4643882,2.175187236,
391783,20003.59,0.632773,0.632824,0.439962,0.456359,0.451597,134.5,26.6,20,9.621398,800,103.1779,6.472731,1.922496826,-0.9300744,28.052244,32.8423184,1.983608463,
397914,20001.44,0.635798,0.634518,0.441118,0.457768,0.452374,140.9,26.6,20,9.621398,800,103.1779,6.721312,1.73405896,-0.337527,34.352748,38.550275,1.77773294,
404048,20001.32,0.639588,0.638476,0.441622,0.461277,0.454939,139.5,26.6,20,9.621398,800,103.1779,6.785058,1.531938232,0.937575,40.12821,43.050635,1.556908371,
410189,19998.98,0.642692,0.643492,0.445731,0.464056,0.458678,148.7,26.6,20,9.621398,800,103.1779,6.981662,1.320923584,1.5676254,45.903672,48.1960466,1.320923584,
416330,20000.66,0.644388,0.644015,0.443989,0.462532,0.457693,151.9,26.6,20,9.621398,800,103.1779,6.78546,1.095255737,2.3776902,51.75414,53.2364498,1.095255737,
422471,20004.66,0.645037,0.643861,0.448488,0.465905,0.461072,156.3,26.6,20,9.621398,800,103.1779,6.934612,0.88005603,3.0527442,56.554524,57.3617798,0.86024713,
428611,20003.97,0.648623,0.646677,0.450293,0.466465,0.461578,156.6,26.6,20,9.621398,800,103.1779,6.796121,0.539718201,3.525282,62.104968,62.439686,0.519909301,
434752,20000.62,0.653811,0.654986,0.453928,0.474139,0.467536,163.3,26.6,20,9.621398,800,103.1779,6.804708,0.337609283,3.8778102,65.180214,65.1624038,0.317800383,
440881,19996.95,0.659305,0.661304,0.454536,0.473608,0.4674,159.1,26.6,20,9.621398,800,103.1779,6.616123,0.093693329,4.1028282,69.155532,68.9127038,0.073884429,
458190,25004.21,0.826581,0.826194,0.575538,0.597419,0.592969,98.1,26.6,20,9.621398,800,103.1779,10.44913,4.064894043,-16.4713176,-39.303144,-18.9718264,4.32425876,
464331,25000.45,0.826763,0.826919,0.572906,0.590931,0.588429,85.4,26.6,20,9.621398,800,103.1779,10.45675,4.04630957,-16.3813104,-39.303144,-19.0618336,4.303954518,
470470,25002.79,0.825387,0.82462,0.571404,0.596611,0.58537,85.2,26.6,20,9.621398,800,103.1779,10.59098,4.034028809,-16.3663092,-39.528162,-19.3018528,4.29053732,
476612,25001.39,0.826809,0.826678,0.571852,0.596237,0.587462,77.3,26.6,20,9.621398,800,103.1779,10.76302,4.059241699,-16.4413152,-39.453156,-19.1518408,4.31808336,
482754,25003.36,0.824326,0.823607,0.570535,0.595516,0.58955,79.2,26.7,20,9.621398,800,103.1779,10.86652,4.09195166,-16.2462996,-39.678174,-19.5718744,4.353820234,
488894,24998.83,0.822823,0.824164,0.569891,0.589584,0.584699,79,26.7,20,9.621398,800,103.1779,10.71665,4.06754248,-16.1112888,-39.678174,-19.7068852,4.327152278,
495035,25003.13,0.822394,0.821989,0.57107,0.592121,0.585951,76.5,26.7,20,9.621398,800,103.1779,10.61869,4.062436523,-16.2237978,-39.303144,-19.2193462,4.321573827,
501175,24997.29,0.823347,0.824385,0.569759,0.589253,0.585076,76.1,26.7,20,9.621398,800,103.1779,10.53293,4.077315918,-16.0212816,-39.37815,-19.4968684,4.33783013,
507316,24999.28,0.822621,0.822344,0.568316,0.588556,0.583829,76.8,26.7,20,9.621398,800,103.1779,10.59031,4.062644775,-15.8937714,-38.403072,-18.6493006,4.32180135,
513457,25001.38,0.820337,0.818746,0.567375,0.59308,0.584577,76.2,26.7,20,9.621398,800,103.1779,10.4885,4.146658203,-16.3288062,-39.228138,-19.0393318,4.413589209,
519597,25000.29,0.821909,0.820928,0.571963,0.587754,0.58281,76.2,26.7,20,9.621398,800,103.1779,10.67736,4.031995361,-15.863769,-39.828186,-20.104417,4.288315701,
525738,24999.34,0.817777,0.818598,0.565044,0.591188,0.583055,78.4,26.7,20,9.621398,800,103.1779,10.42755,4.037737549,-16.3963116,-40.12821,-19.8718984,4.294589259,
531867,24999.84,0.81678,0.817416,0.562828,0.590523,0.579053,77.9,26.7,20,9.621398,800,103.1779,10.61322,4.067012207,-16.0437834,-39.828186,-19.9244026,4.326572935,
538004,25001.34,0.81828,0.818113,0.563705,0.591498,0.581347,76.8,26.7,20,9.621398,800,103.1779,10.8584,4.067539795,-15.6687534,-37.728018,-18.1992646,4.327149344,
544144,24996.55,0.825582,0.825737,0.570268,0.593163,0.585998,82.6,26.8,20,9.621398,800,103.1779,10.81104,4.014137695,-15.938775,-39.37815,-19.579375,4.268805523,
550285,25005.42,0.82285,0.822006,0.572159,0.594991,0.589861,80.5,26.8,20,9.621398,800,103.1779,10.42656,4.045253418,-15.8787702,-40.50324,-20.7644698,4.302800631,
556427,25001.22,0.824918,0.824372,0.570948,0.592222,0.584481,80.5,26.8,20,9.621398,800,103.1779,10.31571,4.003753662,-16.0062804,-37.578006,-17.7117256,4.257460573,
562567,25005.39,0.823258,0.821859,0.571737,0.593652,0.587104,75.9,26.8,20,9.621398,800,103.1779,10.59942,4.051436523,-15.976278,-39.903192,-20.066914,4.309555909,
568708,25003.83,0.823543,0.822893,0.571808,0.593233,0.58905,80.3,26.8,20,9.621398,800,103.1779,10.45769,4.018723633,-15.638751,-39.00312,-19.504369,4.273815834,
574848,25002.16,0.823554,0.822905,0.570038,0.597138,0.586634,77.8,26.8,20,9.621398,800,103.1779,10.7051,4.003511719,-15.2487198,-38.178054,-19.0693342,4.25719624,
580989,24999.69,0.823138,0.822845,0.568516,0.590532,0.588944,80.9,26.8,20,9.621398,800,103.1779,11.01562,4.037141846,-15.7437594,-37.87803,-18.2742706,4.293938431,
587129,25000.46,0.822898,0.821715,0.565696,0.590294,0.58784,74.5,26.8,20,9.621398,800,103.1779,10.64334,4.057852539,-15.5712456,-38.553084,-19.1218384,4.31656565,
593270,24995.14,0.823526,0.824324,0.563647,0.589708,0.588375,80.1,26.8,20,9.621398,800,103.1779,10.50455,3.98332959,-15.2787222,-37.12797,-17.9892478,4.235146498,
599410,25003.67,0.822497,0.823387,0.573912,0.592388,0.58741,80.8,26.8,20,9.621398,800,103.1779,10.79148,3.998553467,-15.563745,-37.202976,-17.779231,4.251779162,
605552,24997.39,0.823143,0.823757,0.571651,0.587703,0.582882,76.1,26.9,20,9.621398,800,103.1779,10.50055,3.989931152,-15.451236,-36.227898,-16.916662,4.242358956,
611693,24998.33,0.825317,0.826677,0.568142,0.59269,0.587481,80.5,26.9,20,9.621398,800,103.1779,10.77103,4.000463623,-14.9936994,-33.977718,-15.1240186,4.25386608,
617833,25003.08,0.821711,0.821356,0.570959,0.596442,0.588095,78.8,26.9,20,9.621398,800,103.1779,10.81743,3.970233398,-15.4062324,-34.427754,-15.1615216,4.220838412,
623974,25003.75,0.8221,0.821975,0.570835,0.594636,0.586675,77.6,26.9,20,9.621398,800,103.1779,10.63136,3.941162354,-14.9486958,-35.327826,-16.5191302,4.189077192,
630115,24998.08,0.823521,0.823207,0.571448,0.587173,0.583811,82.6,26.9,20,9.621398,800,103.1779,10.60619,3.938081055,-14.9486958,-33.227658,-14.4189622,4.185710756,
636255,25001.34,0.821351,0.820413,0.570775,0.588785,0.58848,80.6,26.9,20,9.621398,800,103.1779,10.61419,3.886429932,-14.0411232,-32.25258,-14.3514568,4.129279943,
642381,25000.99,0.807826,0.808554,0.569256,0.587512,0.583916,82.7,27,20,9.621398,800,103.1779,10.6403,3.881951904,-14.738679,-31.50252,-12.903841,4.124387528,
648521,25001.34,0.804837,0.804756,0.556921,0.579187,0.571145,83.2,27,20,9.621398,800,103.1779,10.2677,3.879852783,-14.3861508,-31.352508,-13.1063572,4.122094158,
654662,24998.02,0.807609,0.807154,0.55772,0.578599,0.573138,84.6,27,20,9.621398,800,103.1779,10.27007,3.870580566,-14.401152,-29.702376,-11.441224,4.11196391,
660802,24997.21,0.808554,0.809405,0.559844,0.578802,0.57276,85.2,27,20,9.621398,800,103.1779,10.26328,3.86859082,-14.4686574,-29.777382,-11.4487246,4.109790036,
666944,25000.34,0.804799,0.804993,0.561807,0.579568,0.575434,81.5,27,20,9.621398,800,103.1779,10.52586,3.839858398,-13.7485998,-27.527202,-9.9186022,4.078398775,
673084,25000.92,0.806578,0.807005,0.561816,0.581375,0.571998,83.2,27,20,9.621398,800,103.1779,10.57655,3.824843262,-13.276062,-27.827226,-10.691164,4.061994168,
679225,24999.76,0.810479,0.812098,0.560295,0.583149,0.575787,83.8,27,20,9.621398,800,103.1779,10.60276,3.797836182,-12.8335266,-23.701896,-7.0083694,4.032487907,
685367,25000.9,0.807741,0.80703,0.560981,0.581242,0.573349,81,27.1,20,9.621398,800,103.1779,10.31314,3.750523438,-13.3360668,-24.00192,-6.8058532,3.980796938,
691522,25001.36,0.806958,0.806854,0.557272,0.585421,0.577813,85,27.1,20,9.621398,800,103.1779,10.66331,3.772620361,-12.9835386,-22.87683,-6.0332914,4.004938666,
697662,25002.41,0.809636,0.808743,0.559251,0.585919,0.579216,84.5,27.1,20,9.621398,800,103.1779,10.43034,3.678213867,-12.7660212,-20.476638,-3.8506168,3.901795987,
703787,25001.46,0.807223,0.807892,0.560655,0.581599,0.577015,88.7,27.1,20,9.621398,800,103.1779,10.40275,3.701568115,-12.2184774,-20.851668,-4.7731906,3.92731139,
709912,24998.81,0.810266,0.810367,0.5604,0.584171,0.576307,89,27.1,20,9.621398,800,103.1779,10.5044,3.663168945,-12.2484798,-18.826506,-2.7180262,3.885358839,
716052,25001.26,0.810623,0.810014,0.561677,0.584544,0.575991,87.7,27.1,20,9.621398,800,103.1779,10.68347,3.615407959,-12.0909672,-15.826266,0.1247012,3.833178148,
722193,25002.17,0.81095,0.810827,0.56633,0.586886,0.577782,90.9,27.1,20,9.621398,800,103.1779,10.64235,3.556441162,-11.6109288,-15.151212,0.3197168,3.768754684,
728334,24997.36,0.8131,0.814537,0.562144,0.587959,0.578893,90.4,27.2,20,9.621398,800,103.1779,10.42739,3.509300049,-10.7558604,-12.676014,1.9398464,3.717251228,
734475,24999.36,0.812472,0.812431,0.559887,0.583007,0.57814,96.1,27.2,20,9.621398,800,103.1779,10.65381,3.45872876,-10.2833226,-9.75078,4.3925426,3.662000175,
740614,25000.19,0.815416,0.814976,0.562995,0.587833,0.582131,98.6,27.2,20,9.621398,800,103.1779,10.45167,3.417073242,-10.2683214,-9.225738,4.9025834,3.61648994,
746756,24997.37,0.813072,0.813637,0.562325,0.584208,0.575801,99.1,27.2,20,9.621398,800,103.1779,10.69719,3.385071533,-9.638271,-7.650612,5.847659,3.581526858,
752894,24998.64,0.815877,0.815228,0.561862,0.583386,0.579686,100.9,27.2,20,9.621398,800,103.1779,10.33037,3.289281738,-9.3307464,-4.575366,8.6153804,3.47687287,
759021,25000.13,0.815363,0.816204,0.564891,0.585704,0.582236,99.7,27.2,20,9.621398,800,103.1779,10.55879,3.297933838,-8.9932194,-2.325186,10.5280334,3.486325618,
765162,25000.22,0.815574,0.815942,0.563068,0.586144,0.582783,99.2,27.2,20,9.621398,800,103.1779,10.66209,3.225600586,-8.4081726,-0.075006,12.1931666,3.407298794,
771302,25000.4,0.815841,0.815183,0.565731,0.585977,0.582796,101.5,27.2,20,9.621398,800,103.1779,10.51121,3.108792969,-7.8456276,1.425114,13.1307416,3.279682037,
777443,25000.37,0.817563,0.817526,0.566864,0.588167,0.579749,102.2,27.2,20,9.621398,800,103.1779,10.6023,3.091040527,-7.0730658,5.100408,16.4310056,3.260286821,
783584,25002.77,0.818961,0.81953,0.569957,0.590556,0.582835,103.7,27.2,20,9.621398,800,103.1779,10.46517,3.00685083,-6.8930514,7.950636,18.7036874,3.168306381,
789725,25000.1,0.819288,0.819807,0.565622,0.589707,0.583291,109.4,27.3,20,9.621398,800,103.1779,10.51583,2.901722412,-6.2179974,9.975798,20.0537954,3.053449593,
795852,24999.61,0.821413,0.821488,0.568397,0.589257,0.583001,111.5,27.3,20,9.621398,800,103.1779,10.58651,2.798493164,-5.550444,14.176134,23.586578,2.94066772,
801990,25002.47,0.818256,0.818326,0.56954,0.589076,0.585117,112.8,27.3,20,9.621398,800,103.1779,10.69472,2.74314209,-4.6203696,18.151452,26.6318216,2.88019457,
808131,25002.12,0.819517,0.819699,0.569969,0.590958,0.588479,113.8,27.3,20,9.621398,800,103.1779,10.58051,2.642532715,-4.2603408,23.476878,31.5972188,2.770275008,
814271,25002.3,0.822852,0.823101,0.573895,0.593101,0.588918,117.8,27.3,20,9.621398,800,103.1779,10.78292,2.500945313,-3.6077886,27.902232,35.3700206,2.615585395,
820412,25000.14,0.829276,0.828589,0.571361,0.598533,0.590154,118.8,27.3,20,9.621398,800,103.1779,10.5931,2.387472168,-2.662713,33.227658,39.750371,2.491611677,
826553,24996.17,0.832425,0.833938,0.575706,0.598933,0.589687,123,27.3,20,9.621398,800,103.1779,10.40997,2.228349121,-1.8226458,38.62809,44.3107358,2.317763707,
832693,25003.01,0.841439,0.841274,0.582507,0.603677,0.595882,126.4,27.3,20,9.621398,800,103.1779,10.51251,1.963439697,-0.600048,49.353948,53.813996,2.028340104,
838835,25001.87,0.840446,0.840667,0.585054,0.603521,0.602878,126.8,27.3,20,9.621398,800,103.1779,10.81846,1.877151855,-0.2400192,52.279182,56.3792012,1.934067361,
844975,25000.56,0.847466,0.846709,0.586191,0.609566,0.606928,132.2,27.3,20,9.621398,800,103.1779,10.75453,1.591177124,1.4026122,63.00504,65.4624278,1.62162911,
851116,24998.44,0.850001,0.850805,0.586791,0.60823,0.606,135.1,27.3,20,9.621398,800,103.1779,10.97447,1.368123413,1.912653,69.980598,71.927945,1.368123413,
857257,25001.57,0.86392,0.863551,0.596108,0.622193,0.615594,136.3,27.3,20,9.621398,800,103.1779,11.13938,1.145491089,2.6927154,76.956156,78.1234406,1.145491089,
863397,25000.51,0.869937,0.868867,0.599772,0.625336,0.617202,139.7,27.3,20,9.621398,800,103.1779,11.24913,0.904906494,3.4577766,83.031642,83.4338654,0.885097594,
869538,25001.09,0.873802,0.87406,0.606199,0.627556,0.621378,143.4,27.3,20,9.621398,800,103.1779,11.12945,0.557237122,3.8178054,91.657332,91.6995266,0.537428222,
875678,25000.31,0.876415,0.877275,0.605624,0.631073,0.620532,143.8,27.4,20,9.621398,800,103.1779,11.27303,0.360686096,4.275342,95.707656,95.292314,0.340877196,
881819,25000.77,0.883594,0.88387,0.611511,0.63964,0.6289,147.1,27.4,20,9.621398,800,103.1779,11.05,0.110679413,4.4478558,100.733058,100.1452022,0.090870513,
899134,29999.84,1.044075,1.042856,0.722086,0.745402,0.745603,89.2,27.4,20,9.621398,800,103.1779,16.47266,4.264726074,-18.0239418,-28.052244,-6.1683022,4.542582841,
905273,30002.59,1.04149,1.040398,0.718295,0.747533,0.749046,81.1,27.4,20,9.621398,800,103.1779,16.11604,4.232815918,-18.3839706,-28.652292,-6.4083214,4.507719784,
911412,30004.89,1.040161,1.040226,0.722746,0.752199,0.746653,78.4,27.4,20,9.621398,800,103.1779,16.29879,4.221244141,-18.2114568,-28.727298,-6.6558412,4.495077178,
917555,30002.92,1.040617,1.040927,0.722135,0.749573,0.744042,71.9,27.4,20,9.621398,800,103.1779,16.05548,4.266841309,-18.4664772,-28.50228,-6.1758028,4.544893815,
923696,30004.84,1.038112,1.035398,0.724564,0.745524,0.740215,68.7,27.4,20,9.621398,800,103.1779,16.14043,4.242873535,-18.1064484,-28.652292,-6.6858436,4.518708112,
929836,30001.48,1.041407,1.039314,0.72028,0.744454,0.743417,74.9,27.4,20,9.621398,800,103.1779,16.34065,4.226612793,-17.9339346,-28.952316,-7.1583814,4.500942634,
935976,30000.61,1.038944,1.038593,0.721739,0.744997,0.739041,68.7,27.4,20,9.621398,800,103.1779,16.31457,4.237570313,-18.5864868,-30.302424,-7.8559372,4.51291414,
942118,30001.02,1.040996,1.041298,0.725244,0.745961,0.739181,70.7,27.5,20,9.621398,800,103.1779,16.66743,4.240548828,-18.00144,-29.402352,-7.540912,4.516168282,
948258,29996.66,1.041309,1.044362,0.720922,0.741474,0.739671,71.7,27.5,20,9.621398,800,103.1779,16.0676,4.258675781,-17.9564364,-29.552364,-7.7359276,4.535972666,
954398,30001.2,1.037777,1.037483,0.72343,0.74231,0.737872,69.7,27.5,20,9.621398,800,103.1779,16.12812,4.217415039,-17.7689214,-29.177334,-7.5484126,4.490893739,
960539,29998.64,1.041559,1.041839,0.721058,0.747949,0.73916,73.3,27.5,20,9.621398,800,103.1779,15.87826,4.236698242,-17.4238938,-29.327346,-8.0434522,4.51196137,
966680,30001.3,1.039573,1.039532,0.721765,0.741661,0.73842,69.9,27.5,20,9.621398,800,103.1779,16.36531,4.23478418,-17.7839226,-28.652292,-7.0083694,4.509870184,
972820,30000.54,1.039713,1.039881,0.718106,0.743772,0.739216,71.9,27.5,20,9.621398,800,103.1779,16.10819,4.227125488,-17.7164172,-29.25234,-7.6759228,4.501502773,
978961,30001.08,1.039357,1.037782,0.71423,0.750418,0.739018,68,27.5,20,9.621398,800,103.1779,16.18096,4.209149414,-17.7089166,-28.052244,-6.4833274,4.48186323,
985102,30002.63,1.038537,1.035139,0.718195,0.74615,0.737218,68,27.5,20,9.621398,800,103.1779,16.65366,4.221543457,-17.5289022,-26.327106,-4.9382038,4.495404192,
991243,30002.11,1.03827,1.036966,0.720745,0.746248,0.74158,69.4,27.6,20,9.621398,800,103.1779,16.31122,4.227095215,-17.7314184,-28.052244,-6.4608256,4.501469698,
997382,30001.04,1.03729,1.037835,0.718451,0.748676,0.736384,69.7,27.6,20,9.621398,800,103.1779,16.32642,4.212174805,-17.3713896,-27.977238,-6.7458484,4.485168584,
1003524,29999.89,1.041361,1.041662,0.722016,0.747809,0.741815,70.3,27.6,20,9.621398,800,103.1779,16.24265,4.215145996,-17.363889,-28.202256,-6.978367,4.488414723,
1009665,30000.2,1.037898,1.037256,0.72349,0.744751,0.737942,67.7,27.6,20,9.621398,800,103.1779,16.12122,4.216189453,-17.5814064,-26.852148,-5.4107416,4.48955474,
1015804,30001.86,1.038494,1.041198,0.716166,0.749431,0.739976,70,27.6,20,9.621398,800,103.1779,16.47572,4.185603516,-17.6564124,-26.402112,-4.8856996,4.456138442,
1021945,30000.45,1.038229,1.037595,0.719706,0.744543,0.73961,69.8,27.6,20,9.621398,800,103.1779,16.33861,4.197870117,-17.2663812,-25.427034,-4.3006528,4.46954017,
1028085,30003.53,1.037099,1.033309,0.71802,0.748482,0.738103,68.6,27.6,20,9.621398,800,103.1779,16.43296,4.185405762,-17.1463716,-26.2521,-5.2457284,4.455922388,
1034226,29997.93,1.037437,1.039048,0.716461,0.740691,0.740808,68.2,27.6,20,9.621398,800,103.1779,16.11769,4.159272461,-17.5439034,-26.177094,-4.7731906,4.427370765,
1040369,29999.96,1.037399,1.036935,0.718817,0.745858,0.740643,69.5,27.7,20,9.621398,800,103.1779,16.05789,4.182749023,-17.1988758,-25.577046,-4.5181702,4.453019801,
1046507,29998.46,1.038676,1.036093,0.718778,0.749498,0.735555,68.6,27.7,20,9.621398,800,103.1779,16.35336,4.164418457,-17.0488638,-24.451956,-3.5430922,4.432992961,
1052648,30001.96,1.037988,1.037104,0.719422,0.74959,0.737513,71.1,27.7,20,9.621398,800,103.1779,16.02675,4.176990234,-16.6288302,-25.277022,-4.7881918,4.446728105,
1058789,30003.53,1.038319,1.035987,0.71703,0.748088,0.738857,66.7,27.7,20,9.621398,800,103.1779,16.13433,4.137286133,-16.7788422,-24.076926,-3.4380838,4.403349867,
1064930,30000.69,1.036056,1.034899,0.717055,0.745158,0.740852,70.2,27.7,20,9.621398,800,103.1779,16.11787,4.132311035,-16.3963116,-23.176854,-2.9205424,4.397914383,
1071071,30000.99,1.035411,1.035355,0.720993,0.744083,0.740098,69.6,27.8,20,9.621398,800,103.1779,16.31887,4.129135254,-17.101368,-22.051764,-1.090396,4.394444722,
1077211,29999.94,1.037564,1.039036,0.719919,0.742501,0.744877,71.9,27.8,20,9.621398,800,103.1779,16.15506,4.110677246,-17.0113608,-21.226698,-0.3553372,4.374278648,
1083352,30004.11,1.036375,1.034099,0.717345,0.747258,0.742958,68.9,27.8,20,9.621398,800,103.1779,16.25232,4.080382324,-16.5838266,-20.401632,0.0421946,4.341180295,
1089493,29998.74,1.040619,1.040592,0.719371,0.746101,0.743679,72.9,27.8,20,9.621398,800,103.1779,16.50422,4.047820313,-15.976278,-20.25162,-0.415342,4.305605061,
1095634,30000.88,1.039121,1.037863,0.717151,0.744777,0.738351,71,27.8,20,9.621398,800,103.1779,15.99704,4.074300781,-16.163793,-19.576566,0.447227,4.334535979,
1101774,30005.42,1.035205,1.032035,0.723164,0.74287,0.737899,73.9,27.9,20,9.621398,800,103.1779,16.14838,4.056400146,-15.1962156,-18.601488,0.4547276,4.314978856,
1107904,30001,1.03915,1.039728,0.722264,0.7468,0.740794,74.9,27.9,20,9.621398,800,103.1779,16.28115,4.013794434,-15.601248,-17.62641,1.834838,4.268430497,
1114040,30001.04,1.035224,1.035311,0.714371,0.746511,0.739024,74,27.9,20,9.621398,800,103.1779,16.25081,3.989936523,-15.901272,-16.276302,3.48497,4.242364824,
1120180,30000.25,1.040455,1.040578,0.718973,0.747337,0.740366,76.7,27.9,20,9.621398,800,103.1779,16.66816,3.963153564,-15.301224,-15.37623,3.784994,4.213103425,
1126321,29998.54,1.040406,1.04157,0.72063,0.746972,0.739799,73.7,27.9,20,9.621398,800,103.1779,16.38747,3.956739014,-14.4311544,-14.776182,3.5149724,4.206095284,
1132463,30003.93,1.035404,1.03577,0.716968,0.746375,0.741657,75.8,27.9,20,9.621398,800,103.1779,16.59511,3.910234375,-14.5586646,-12.075966,6.3426986,4.155287201,
1138603,29999.85,1.041931,1.042169,0.718838,0.746326,0.744113,75.3,28,20,9.621398,800,103.1779,16.14637,3.853473877,-13.5160812,-10.200816,7.1752652,4.093274202,
1144743,29999.05,1.041324,1.042292,0.718264,0.750057,0.741319,78.8,28,20,9.621398,800,103.1779,16.0789,3.852939209,-13.763601,-8.100648,9.522953,4.092690057,
1150871,30003.04,1.038851,1.038118,0.717496,0.756938,0.739804,81.9,28,20,9.621398,800,103.1779,15.93197,3.806320801,-13.5085806,-7.050564,10.3180166,4.041757676,
1157008,30003.39,1.038902,1.03882,0.722984,0.74868,0.741665,82,28,20,9.621398,800,103.1779,16.35388,3.775826416,-13.1710536,-5.550444,11.4806096,4.008441403,
1163148,30000.01,1.041285,1.042002,0.721873,0.747482,0.744427,85.1,28,20,9.621398,800,103.1779,16.17389,3.721902588,-12.3534882,-0.900072,15.3134162,3.949527573,
1169289,30004.16,1.040512,1.039561,0.718688,0.748848,0.738972,82.9,28,20,9.621398,800,103.1779,16.42191,3.671034912,-12.1434714,1.200096,17.2035674,3.893952706,
1175427,29996.97,1.043366,1.043545,0.717904,0.752951,0.739896,85.1,28.1,20,9.621398,800,103.1779,16.74287,3.614453125,-11.7609408,3.075246,18.6961868,3.832134956,
1181570,30002.68,1.042363,1.040419,0.722966,0.753983,0.7453,86.3,28.1,20,9.621398,800,103.1779,16.46672,3.567784912,-10.9433754,5.62545,20.4288254,3.781148161,
1187712,29999.7,1.042182,1.043421,0.723192,0.750659,0.742528,87,28.1,20,9.621398,800,103.1779,16.41983,3.528501221,-11.1983958,7.800624,22.8590198,3.738229237,
1193852,30004.81,1.041262,1.040143,0.727236,0.752862,0.741746,87.8,28.1,20,9.621398,800,103.1779,16.14624,3.502867432,-10.7033562,10.275822,24.8391782,3.710223349,
1199992,30000.55,1.044914,1.04375,0.722902,0.753615,0.743671,90.1,28.1,20,9.621398,800,103.1779,16.32024,3.407852295,-9.900792,12.601008,26.3618,3.606415705,
1206133,30002.97,1.046219,1.045303,0.723225,0.758633,0.746294,91.9,28.1,20,9.621398,800,103.1779,16.22557,3.343743896,-9.788283,15.826266,29.474549,3.536374846,
1212274,30005.73,1.047135,1.046648,0.725595,0.75309,0.744402,94.2,28.1,20,9.621398,800,103.1779,16.43891,3.282446777,-9.0532242,18.451476,31.3647002,3.469405416,
1218415,30001.3,1.050457,1.050157,0.730249,0.752916,0.744568,91.9,28.1,20,9.621398,800,103.1779,16.65369,3.201536621,-8.4981798,22.051764,34.4099438,3.381007999,
1224556,30002.14,1.045386,1.045374,0.728539,0.752949,0.741258,99,28.1,20,9.621398,800,103.1779,16.39215,3.133343506,-7.6806144,25.052004,36.5926184,3.306504431,
1230695,30003.01,1.050828,1.049852,0.727375,0.749758,0.744234,100.7,28.2,20,9.621398,800,103.1779,15.97336,3.034065674,-7.0655652,29.327346,40.2529112,3.198039631,
1236836,30003.31,1.046645,1.046916,0.724212,0.756145,0.752992,102.8,28.2,20,9.621398,800,103.1779,16.29614,3.028262207,-6.7205376,30.902472,41.4830096,3.191699123,
1242962,30002.56,1.050532,1.050569,0.727073,0.755849,0.749763,106.6,28.2,20,9.621398,800,103.1779,16.18355,2.863476318,-6.0454836,34.577766,44.4832496,3.011664283,
1249102,30000.33,1.052742,1.053289,0.730376,0.756407,0.749018,108.9,28.2,20,9.621398,800,103.1779,16.59685,2.771139648,-5.2054164,41.328306,50.3937224,2.910782966,
1255243,29998.89,1.0563,1.056535,0.730462,0.763065,0.753929,112.7,28.2,20,9.621398,800,103.1779,16.57056,2.585010742,-3.8103048,49.578966,57.2492708,2.707430069,
1261371,30000.89,1.060096,1.059256,0.731194,0.765573,0.755241,116,28.2,20,9.621398,800,103.1779,16.83505,2.456553467,-3.037743,54.979398,61.877141,2.567085619,
1267509,29995.18,1.067344,1.068663,0.7391,0.764783,0.759037,117.9,28.2,20,9.621398,800,103.1779,16.72187,2.275647461,-2.0926674,61.429914,67.3825814,2.369438939,
1273650,30001.01,1.068961,1.067085,0.742327,0.771541,0.761324,121.6,28.2,20,9.621398,800,103.1779,16.89599,2.110062744,-0.975078,68.105448,72.940526,2.188531349,
1279790,30002.44,1.072664,1.0718,0.742316,0.773638,0.765711,123.2,28.3,20,9.621398,800,103.1779,16.69923,1.891984497,-0.037503,74.930994,78.828497,1.950272585,
1285931,30004.07,1.075204,1.075539,0.74387,0.774291,0.769193,128.5,28.3,20,9.621398,800,103.1779,16.38459,1.691970093,0.8025642,81.156492,84.2139278,1.731749255,
1292072,29998.18,1.08169,1.082392,0.74806,0.774573,0.769569,130.2,28.3,20,9.621398,800,103.1779,16.73383,1.332942505,2.6552124,91.432314,92.6371016,1.332942505,
1298212,30002.76,1.086349,1.086218,0.751837,0.781125,0.777426,130.9,28.3,20,9.621398,800,103.1779,17.02513,1.088812012,3.1427514,98.032842,98.7500906,1.088812012,
1304353,30000.34,1.088889,1.089057,0.757003,0.783159,0.772421,132.2,28.3,20,9.621398,800,103.1779,17.34239,0.864637634,3.5927874,104.25834,104.5255526,0.844828734,
1310494,29999.46,1.088747,1.088997,0.758563,0.788838,0.770093,134.8,28.3,20,9.621398,800,103.1779,17.63309,0.619716919,4.1328306,109.50876,109.2359294,0.599908019,
1316634,30001.38,1.093025,1.093074,0.757648,0.790588,0.778859,134.3,28.3,20,9.621398,800,103.1779,17.15447,0.302809662,4.5678654,117.984438,117.2765726,0.283000762,
1322775,30000.87,1.095694,1.095495,0.761911,0.790459,0.786125,134.8,28.3,20,9.621398,800,103.1779,17.12882,0.132042099,4.612869,121.809744,121.056875,0.112233199,
1340087,35002.15,1.305093,1.304986,0.903514,0.94311,0.929752,88.5,28.3,20,9.621398,800,103.1779,24.91117,4.406578125,-20.2966236,-19.12653,5.0300936,4.697561592,
1346228,35002.57,1.302377,1.301872,0.903442,0.937156,0.927528,79.2,28.3,20,9.621398,800,103.1779,24.52543,4.407476563,-19.7565804,-19.726578,3.8900024,4.698543169,
1352371,35003.25,1.299144,1.298133,0.896579,0.934776,0.926501,76.9,28.4,20,9.621398,800,103.1779,24.20787,4.449350586,-20.0716056,-20.701656,3.2299496,4.744292129,
1358510,35004.05,1.298181,1.297555,0.897372,0.934376,0.924117,68.9,28.4,20,9.621398,800,103.1779,24.31266,4.418762695,-19.9590966,-20.101608,3.7174886,4.710873697,
1364650,34999.29,1.295282,1.295888,0.900163,0.938866,0.925874,66.3,28.4,20,9.621398,800,103.1779,24.24068,4.41904248,-19.314045,-19.651572,3.522473,4.711179373,
1370791,34998.43,1.295596,1.296373,0.893987,0.929864,0.923498,67.3,28.4,20,9.621398,800,103.1779,24.46752,4.424768555,-19.464057,-19.426554,3.897503,4.717435327,
1376931,35002.2,1.2961,1.29595,0.894121,0.933104,0.919621,63,28.4,20,9.621398,800,103.1779,24.30581,4.427664551,-19.6215696,-20.401632,3.0799376,4.720599313,
1383072,35000.64,1.296108,1.295897,0.897979,0.932744,0.923349,66.4,28.5,20,9.621398,800,103.1779,24.47138,4.438914063,-19.3965516,-19.276542,3.9800096,4.732889831,
1389213,35000.71,1.29514,1.294903,0.898975,0.932514,0.924169,67.8,28.5,20,9.621398,800,103.1779,23.9231,4.4315625,-19.464057,-19.276542,4.047515,4.72485797,
1395353,35001.27,1.293724,1.291783,0.890212,0.928663,0.914048,67.2,28.5,20,9.621398,800,103.1779,24.36876,4.43081543,-19.2690414,-18.226458,4.9025834,4.724041767,
1401494,35001.93,1.289076,1.288435,0.896269,0.932759,0.919159,66.2,28.5,20,9.621398,800,103.1779,24.36878,4.388424316,-19.8915912,-19.426554,4.3250372,4.677727867,
1407635,35001.12,1.290367,1.289892,0.897997,0.933153,0.921409,65.8,28.5,20,9.621398,800,103.1779,23.97209,4.449202148,-19.6590726,-19.201536,4.3175366,4.744129956,
1413775,35001.33,1.289067,1.289976,0.893604,0.929628,0.919085,66.5,28.5,20,9.621398,800,103.1779,24.15036,4.41347998,-19.4340546,-18.451476,4.8425786,4.705102131,
1419916,35000.86,1.28872,1.287485,0.901401,0.924322,0.921094,66.5,28.6,20,9.621398,800,103.1779,24.09905,4.411871582,-19.7715816,-19.426554,4.2050276,4.703344895,
1426057,34998.92,1.291262,1.292069,0.89122,0.931208,0.915918,65.4,28.6,20,9.621398,800,103.1779,23.53638,4.389852051,-19.2465396,-19.651572,3.4549676,4.679287721,
1432196,34999.84,1.290087,1.290694,0.896358,0.93306,0.919017,65.9,28.6,20,9.621398,800,103.1779,24.02632,4.358813477,-19.9965996,-18.676494,5.1801056,4.6453769,
1438337,35002.48,1.286525,1.285361,0.892808,0.928493,0.922198,64.6,28.6,20,9.621398,800,103.1779,23.87782,4.378124023,-18.6614928,-18.601488,3.9200048,4.666474406,
1444479,34999.78,1.286952,1.287053,0.885274,0.926347,0.915622,63.8,28.6,20,9.621398,800,103.1779,24.35869,4.368980957,-19.7040762,-16.276302,7.2877742,4.656485258,
1450619,35000.96,1.285926,1.284615,0.887658,0.926197,0.916033,61.5,28.6,20,9.621398,800,103.1779,23.89939,4.363212402,-19.0740258,-17.926434,5.0075918,4.650182893,
1456760,34999.7,1.287279,1.287037,0.893305,0.928324,0.91282,62.5,28.7,20,9.621398,800,103.1779,23.87971,4.393968262,-19.4190534,-18.076446,5.2026074,4.683784837,
1462900,35001.46,1.284574,1.285903,0.887748,0.922924,0.911503,66.7,28.7,20,9.621398,800,103.1779,23.66277,4.33993457,-19.5465636,-16.651332,6.7552316,4.624750978,
1469026,35000.46,1.286026,1.285749,0.890054,0.920962,0.914169,64.9,28.7,20,9.621398,800,103.1779,23.74374,4.414578613,-18.9615168,-17.326386,5.4951308,4.706302429,
1475166,34998.58,1.286829,1.287627,0.887035,0.92618,0.915372,66.8,28.7,20,9.621398,800,103.1779,24.0093,4.365589355,-18.7665012,-16.651332,5.9751692,4.652779805,
1481307,35002.55,1.284822,1.285351,0.885809,0.93018,0.917233,65.8,28.7,20,9.621398,800,103.1779,24.25679,4.330717773,-19.2465396,-15.151212,7.9553276,4.614681278,
1487448,35001.94,1.287398,1.287967,0.892244,0.927985,0.916586,64.3,28.8,20,9.621398,800,103.1779,23.91784,4.326024902,-18.8115048,-15.151212,7.5202928,4.609554138,
1493588,35002.34,1.287231,1.286427,0.895509,0.926902,0.91774,66.2,28.8,20,9.621398,800,103.1779,23.69378,4.311894043,-18.8715096,-14.776182,7.9553276,4.594115637,
1499729,34999.64,1.287495,1.287689,0.886994,0.924095,0.919556,65.4,28.8,20,9.621398,800,103.1779,24.26043,4.307721191,-18.4439754,-14.25114,8.0528354,4.589556639,
1505858,35003.15,1.284808,1.283517,0.887833,0.923136,0.913602,69.1,28.8,20,9.621398,800,103.1779,24.00643,4.306951172,-18.076446,-13.50108,8.435366,4.588715363,
1511995,34998.99,1.288105,1.288222,0.886142,0.9289,0.914297,64.2,28.9,20,9.621398,800,103.1779,24.17184,4.303798828,-17.9039322,-10.200816,11.5631162,4.585271308,
1518135,35002.9,1.285613,1.284477,0.887979,0.924943,0.915557,71.2,28.9,20,9.621398,800,103.1779,23.68661,4.248440918,-18.2489598,-12.300984,9.8079758,4.524790689,
1524276,34999.91,1.288549,1.288806,0.885327,0.926409,0.912841,67.9,28.9,20,9.621398,800,103.1779,24.383,4.290566406,-17.8289262,-9.675774,12.0131522,4.570814385,
1530415,35001.31,1.286017,1.28665,0.886263,0.924284,0.913859,70.8,29,20,9.621398,800,103.1779,23.83247,4.286514648,-17.5439034,-9.225738,12.1781654,4.566387685,
1536542,34998.58,1.287475,1.288022,0.88758,0.925941,0.915666,70,29,20,9.621398,800,103.1779,24.16347,4.253392578,-17.6714136,-10.50084,11.0305736,4.530200566,
1542684,34999.47,1.288956,1.288728,0.886687,0.921496,0.91409,68.2,29,20,9.621398,800,103.1779,23.99732,4.186663574,-17.5064004,-6.975558,14.3908424,4.457296596,
1548822,35003.45,1.287278,1.286488,0.890328,0.929472,0.921181,70.7,29,20,9.621398,800,103.1779,23.73734,4.210635254,-16.9588566,-6.825546,13.9933106,4.483486566,
1554964,35002.28,1.287707,1.287325,0.883335,0.927049,0.913484,72.4,29,20,9.621398,800,103.1779,23.73436,4.204520508,-17.0038602,-6.37551,14.4883502,4.476805974,
1561105,35003.68,1.28806,1.289149,0.891394,0.929114,0.924283,72.2,29.1,20,9.621398,800,103.1779,23.78045,4.126225098,-16.5463236,-3.825306,16.5810176,4.391265266,
1567247,35002.71,1.292154,1.291109,0.897712,0.931024,0.917006,74.4,29.1,20,9.621398,800,103.1779,24.05992,4.147056641,-16.5313224,-2.62521,17.7661124,4.414024517,
1573374,34996.48,1.292251,1.293878,0.89063,0.93083,0.919179,75.7,29.1,20,9.621398,800,103.1779,24.55416,4.086297607,-16.313805,0.075006,20.248811,4.347642967,
1579512,35000.59,1.291332,1.290874,0.892796,0.931291,0.923764,77.4,29.1,20,9.621398,800,103.1779,24.29974,4.052964355,-15.8712696,0.825066,20.5563356,4.311225123,
1585653,35002.87,1.289505,1.288642,0.892833,0.926152,0.916816,76.4,29.1,20,9.621398,800,103.1779,24.0829,4.062061768,-15.3687294,3.900312,23.1290414,4.321164392,
1591794,35002.46,1.290237,1.289687,0.896373,0.93534,0.92795,77.1,29.2,20,9.621398,800,103.1779,24.20689,3.992566895,-14.9411952,6.450516,25.2517112,4.245238604,
1597935,35002.95,1.293413,1.291655,0.898091,0.932756,0.928341,78,29.2,20,9.621398,800,103.1779,24.07434,3.938734375,-14.8661892,7.725618,26.4518072,4.186424533,
1604075,35000.02,1.291852,1.291806,0.897235,0.928839,0.922018,78.3,29.2,20,9.621398,800,103.1779,23.78975,3.928272461,-14.3186454,9.300744,27.4793894,4.174994495,
1610215,35002.23,1.292589,1.2921,0.901349,0.931851,0.92225,82.8,29.2,20,9.621398,800,103.1779,24.16426,3.889126221,-14.4161532,12.37599,30.6521432,4.132225741,
1616355,35001.86,1.295333,1.295761,0.897742,0.929875,0.920912,84.2,29.2,20,9.621398,800,103.1779,24.35854,3.796703125,-13.2685614,16.351308,33.4798694,4.03125,
1622482,35002.59,1.297763,1.29744,0.901088,0.93268,0.924107,86.2,29.2,20,9.621398,800,103.1779,24.24256,3.776031006,-12.75102,20.851668,37.462688,4.008664925,
1628623,35004.54,1.297526,1.296766,0.893883,0.930392,0.923409,86.1,29.3,20,9.621398,800,103.1779,24.09097,3.704527344,-12.6985158,21.601728,38.1602438,3.930544459,
1634764,34999.86,1.298832,1.298879,0.895727,0.933541,0.924932,87.7,29.3,20,9.621398,800,103.1779,24.43564,3.67779248,-11.7459396,25.652052,41.2579916,3.901335606,
1640893,34999.97,1.300901,1.300344,0.896921,0.936623,0.925161,93.1,29.3,20,9.621398,800,103.1779,24.49886,3.613572998,-11.288403,26.327106,41.475509,3.831173384,
1647029,34997.93,1.302161,1.303494,0.901214,0.936689,0.927714,91.5,29.3,20,9.621398,800,103.1779,24.22523,3.56905835,-11.0558844,30.077406,44.9932904,3.78253944,
1653169,35000.83,1.298539,1.297825,0.900973,0.938766,0.925975,96,29.3,20,9.621398,800,103.1779,24.02632,3.472743652,-10.1183094,35.102808,49.0811174,3.677311977,
1659294,35002.74,1.298418,1.297687,0.90912,0.94202,0.927459,93.5,29.3,20,9.621398,800,103.1779,23.98587,3.356954834,-9.0307224,39.37815,52.2688724,3.550808297,
1665435,34998.94,1.302453,1.302685,0.907656,0.942685,0.931045,97.9,29.4,20,9.621398,800,103.1779,24.77,3.319824463,-9.3457476,42.603408,55.8091556,3.510241957,
1671575,35000.57,1.304111,1.304093,0.901652,0.943566,0.931233,97.7,29.4,20,9.621398,800,103.1779,24.6678,3.222949219,-8.6481918,47.328786,59.8369778,3.404402074,
1677717,35000.75,1.309816,1.310277,0.909238,0.942801,0.931467,104.9,29.4,20,9.621398,800,103.1779,24.6043,3.160764893,-7.4930994,51.979158,63.3322574,3.336463337,
1683858,34997.64,1.313909,1.315168,0.904387,0.941646,0.933727,106.4,29.4,20,9.621398,800,103.1779,24.42233,3.00760376,-6.5780262,57.529602,67.9676282,3.169128985,
1689998,35002.52,1.316302,1.317011,0.91428,0.947845,0.938252,111.1,29.4,20,9.621398,800,103.1779,24.33959,2.881393311,-5.4454356,64.355148,73.6605836,3.031239277,
1696139,35004.29,1.31738,1.316706,0.914295,0.953109,0.941473,114.7,29.4,20,9.621398,800,103.1779,24.29111,2.764522705,-4.6203696,71.705736,80.1861056,2.903553704,
1702280,35003.04,1.319215,1.319693,0.917282,0.949311,0.939328,114.4,29.4,20,9.621398,800,103.1779,24.4184,2.604653809,-3.5027802,77.406192,84.7689722,2.728890865,
1708421,35000.57,1.321232,1.320377,0.913984,0.950073,0.939867,120.4,29.5,20,9.621398,800,103.1779,24.36329,2.450753174,-2.3401872,84.531762,90.7319492,2.560748578,
1714561,35000.57,1.324189,1.323323,0.922198,0.958148,0.948839,121.4,29.5,20,9.621398,800,103.1779,25.2767,2.134176025,-1.0650852,96.232698,101.1577832,2.214876025,
1720686,35002.38,1.326502,1.325637,0.921322,0.955432,0.944344,126.8,29.5,20,9.621398,800,103.1779,25.10779,1.909234497,0.037503,103.283262,107.105759,1.969118865,
1726826,35008.55,1.32792,1.326709,0.917809,0.95833,0.94277,126.9,29.5,20,9.621398,800,103.1779,24.97965,1.692097168,1.1700936,110.033802,112.7237084,1.731888089,
1732967,34999.19,1.335319,1.33518,0.928836,0.960123,0.9452,128.7,29.5,20,9.621398,800,103.1779,25.02742,1.431722778,2.137671,116.63433,118.356659,1.431722778,
1739106,35001.77,1.343387,1.342193,0.931263,0.96607,0.95285,129.3,29.5,20,9.621398,800,103.1779,25.07757,1.179461304,2.5952076,125.560044,126.8248364,1.179461304,
1745247,35000.57,1.345246,1.344947,0.93002,0.967242,0.957682,134.6,29.5,20,9.621398,800,103.1779,25.61777,0.932341614,3.9603168,132.76062,132.6603032,0.912532714,
1751374,35002.5,1.353153,1.35439,0.935699,0.977248,0.966817,132.7,29.5,20,9.621398,800,103.1779,25.57571,0.558838135,4.4553564,142.211376,141.6160196,0.539029235,
1757513,35000.08,1.356134,1.357512,0.938652,0.977918,0.970344,129.7,29.6,20,9.621398,800,103.1779,25.3582,0.346806152,4.9353948,148.436874,147.3614792,0.326997252,
1763654,35001.73,1.358447,1.357881,0.942938,0.980131,0.969019,129.5,29.6,20,9.621398,800,103.1779,26.15468,0.104518852,4.9278942,152.63721,151.5693158,0.084709952,
