Time,Time (ms),Motor speed (rpm),BLDC Q curent for monitoring,Filtered Q current (A),BLDC Ph A amps (abs) (A),BLDC Ph B amps (abs) (A),BLDC Ph C amps (abs) (A),Purge pressure (mHg),ivp purge temperature (C),Purge add flow rate (mlph),Purge add speed (rpm),Purge circulate flow rate (mlph),Purge circulate speed (rpm),BLDC watts (W),Flow (lpm),Input pressure (mmHg),Output pressure (mmHg),Net pressure (mmHg),
Tue Dec 06 2022,17309,19995.81,0.7230233,0.7237418,0.5024834,0.5164199,0.5196295,0.0956,28.8,20,9.621398,800,103.1779,7.315921,2.007293651,-17.1875,18.50830078,35.99580078,
Tue Dec 06 2022,23448,19997.76,0.7182882,0.7176671,0.4998107,0.5099459,0.5157033,0.1354,28.8,20,9.621398,800,103.1779,6.936683,1.996330508,-16.82128906,18.04443359,35.16572266,
Tue Dec 06 2022,29587,19998.2,0.7141737,0.7141015,0.4960341,0.5069393,0.5110399,0.1348,28.8,20,9.621398,800,103.1779,6.795399,2.002366667,-16.69921875,18.50830078,35.50751953,
Tue Dec 06 2022,35713,20002.66,0.7097397,0.7091075,0.4938726,0.5062933,0.5091414,0.1302,28.8,20,9.621398,800,103.1779,7.198838,2.000669492,-16.82128906,18.50830078,35.62958984,
Tue Dec 06 2022,41843,19999.88,0.7099759,0.7112899,0.4933563,0.5084525,0.5109177,0.1304,28.8,20,9.621398,800,103.1779,7.215396,2.003251969,-16.82128906,18.04443359,35.16572266,
Tue Dec 06 2022,47978,20004.31,0.7079573,0.7078509,0.4906169,0.5048568,0.5085943,0.1224,28.8,20,9.621398,800,103.1779,7.000586,2.003,-16.57714844,18.04443359,34.92158203,
Tue Dec 06 2022,54121,19999.44,0.7109128,0.710995,0.4937532,0.506109,0.5077381,0.1177,28.8,20,9.621398,800,103.1779,7.020416,1.997833333,-16.45507813,18.27636719,35.03144531,
Tue Dec 06 2022,60258,19998.34,0.7087303,0.7089576,0.4947032,0.5050911,0.5076672,0.1099,28.8,20,9.621398,800,103.1779,7.146459,1.993504,-16.45507813,18.50830078,35.26337891,
Tue Dec 06 2022,66397,19998.34,0.7084101,0.7085453,0.4907945,0.5041219,0.5076498,0.1134,28.7,20,9.621398,800,103.1779,7.06072,1.996928571,-16.69921875,18.27636719,35.27558594,
Tue Dec 06 2022,72524,20000.5,0.7070585,0.7065277,0.4904001,0.5032344,0.5076094,0.1065,28.8,20,9.621398,800,103.1779,6.799706,1.997125,-16.57714844,18.27636719,35.15351563,
Tue Dec 06 2022,78653,20000.28,0.702294,0.7022587,0.4860021,0.4997377,0.5015123,0.1056,28.8,20,9.621398,800,103.1779,6.843657,1.996669421,-16.45507813,18.50830078,35.26337891,
Tue Dec 06 2022,84790,20000.74,0.7011658,0.7010684,0.4870028,0.4993422,0.5012093,0.1044,28.8,20,9.621398,800,103.1779,7.008152,1.999854839,-16.94335938,18.50830078,35.75166016,
Tue Dec 06 2022,90931,20002.32,0.7026797,0.7026623,0.4889416,0.5022052,0.5057828,0.1011,28.7,20,9.621398,800,103.1779,6.609671,1.996142857,-16.82128906,18.74023438,35.86152344,
Tue Dec 06 2022,97073,20002.37,0.7024811,0.7024004,0.489055,0.501502,0.5046864,0.1016,28.7,20,9.621398,800,103.1779,7.113102,1.984261905,-16.57714844,18.74023438,35.61738281,
Tue Dec 06 2022,103200,20001.35,0.7041684,0.7038903,0.4923576,0.5031663,0.5059845,0.1116,28.7,20,9.621398,800,103.1779,7.026515,1.986833333,-16.57714844,18.74023438,35.61738281,
Tue Dec 06 2022,109338,19999.25,0.7040309,0.7048602,0.4875066,0.5024684,0.5037716,0.1097,28.7,20,9.621398,800,103.1779,6.887279,1.983344262,-16.33300781,18.74023438,35.37324219,
Tue Dec 06 2022,115468,19996.35,0.7040932,0.704605,0.4863932,0.5009316,0.5036957,0.1053,28.7,20,9.621398,800,103.1779,7.100343,1.981516129,-16.57714844,18.97216797,35.84931641,
Tue Dec 06 2022,121604,19998.08,0.7022902,0.7021078,0.487426,0.5012966,0.5040172,0.1121,28.7,20,9.621398,800,103.1779,7.063128,1.979873016,-16.33300781,18.74023438,35.37324219,
Tue Dec 06 2022,127746,19996.66,0.7050194,0.706008,0.4883889,0.5000221,0.5031824,0.1108,28.7,20,9.621398,800,103.1779,6.743105,1.975875,-15.96679688,18.97216797,35.23896484,
Tue Dec 06 2022,133880,20000.33,0.7036,0.7024239,0.4861655,0.5017843,0.5051394,0.1082,28.7,20,9.621398,800,103.1779,6.760397,1.972377049,-15.96679688,19.20410156,35.47089844,
Tue Dec 06 2022,140010,20000.26,0.7017137,0.7005185,0.4897957,0.5011933,0.5055214,0.1044,28.6,20,9.621398,800,103.1779,6.947283,1.963690476,-16.33300781,18.97216797,35.60517578,
Tue Dec 06 2022,146138,19995.69,0.7048856,0.7054607,0.4861686,0.4995782,0.5006785,0.1108,28.6,20,9.621398,800,103.1779,6.978831,1.962285714,-16.08886719,19.20410156,35.59296875,
Tue Dec 06 2022,152274,20000.71,0.7035105,0.7028881,0.4894771,0.5020282,0.5071815,0.1106,28.6,20,9.621398,800,103.1779,7.291283,1.962230159,-15.84472656,19.66796875,35.81269531,
Tue Dec 06 2022,158402,20000.36,0.698612,0.6984236,0.4829443,0.497218,0.4994694,0.1066,28.6,20,9.621398,800,103.1779,7.065996,1.963174603,-16.08886719,19.43603516,35.82490234,
Tue Dec 06 2022,164544,20002.36,0.699611,0.6987427,0.4874475,0.5018216,0.5045375,0.1031,28.6,20,9.621398,800,103.1779,6.999334,1.950885246,-15.84472656,19.43603516,35.58076172,
Tue Dec 06 2022,170667,19999.49,0.7029719,0.7031918,0.4883257,0.5012589,0.5029472,0.1121,28.5,20,9.621398,800,103.1779,6.723025,1.953364407,-15.72265625,19.66796875,35.690625,
Tue Dec 06 2022,176792,19997.31,0.7037695,0.7032795,0.4856225,0.4995323,0.5037256,0.1056,28.5,20,9.621398,800,103.1779,6.996105,1.950228346,-15.84472656,19.66796875,35.81269531,
Tue Dec 06 2022,182919,20001.2,0.7028619,0.7026907,0.4880305,0.5010991,0.5055017,0.111,28.5,20,9.621398,800,103.1779,6.936274,1.945102362,-15.35644531,20.36376953,36.02021484,
Tue Dec 06 2022,189045,20003.09,0.703338,0.7023813,0.4884297,0.5028164,0.5026987,0.1071,28.5,20,9.621398,800,103.1779,7.022284,1.945889831,-15.11230469,20.13183594,35.54414063,
Tue Dec 06 2022,195182,19999.07,0.7029207,0.7023214,0.4886863,0.5019928,0.5048261,0.1091,28.4,20,9.621398,800,103.1779,6.975124,1.936932773,-15.35644531,20.59570313,36.25214844,
Tue Dec 06 2022,201310,20001.72,0.701156,0.7004352,0.4868398,0.5003688,0.5044283,0.1062,28.4,20,9.621398,800,103.1779,6.643007,1.924841667,-15.11230469,20.59570313,36.00800781,
Tue Dec 06 2022,207450,20002.32,0.7046116,0.7044293,0.4887411,0.4990194,0.5020728,0.1156,28.4,20,9.621398,800,103.1779,6.701588,1.928533333,-14.74609375,20.82763672,35.87373047,
Tue Dec 06 2022,213579,19998.39,0.7020011,0.7024836,0.4876633,0.5019518,0.5050223,0.1175,28.4,20,9.621398,800,103.1779,6.560303,1.911303279,-14.99023438,21.29150391,36.58173828,
Tue Dec 06 2022,219714,20000.88,0.7013066,0.6997637,0.4875363,0.5015221,0.5042035,0.1099,28.4,20,9.621398,800,103.1779,6.862404,1.909079365,-14.50195313,21.5234375,36.32539063,
Tue Dec 06 2022,225845,20004.83,0.702741,0.7020786,0.4883404,0.5008569,0.503963,0.1186,28.3,20,9.621398,800,103.1779,6.9981,1.89302381,-14.37988281,21.98730469,36.6671875,
Tue Dec 06 2022,231979,19998.45,0.7020707,0.7022855,0.4886909,0.5004843,0.5041028,0.1185,28.3,20,9.621398,800,103.1779,7.334634,1.889960317,-14.01367188,22.21923828,36.53291016,
Tue Dec 06 2022,238120,19995.67,0.7037265,0.7034485,0.4875841,0.4994484,0.5031644,0.1095,28.3,20,9.621398,800,103.1779,7.077967,1.871260504,-14.01367188,22.91503906,37.22871094,
Tue Dec 06 2022,244249,19998.31,0.7026293,0.7018801,0.4846941,0.4963072,0.5016887,0.1114,28.3,20,9.621398,800,103.1779,6.932744,1.859928571,-14.13574219,23.37890625,37.81464844,
Tue Dec 06 2022,250385,19999.58,0.700356,0.7005352,0.487548,0.5025483,0.5049462,0.1177,28.2,20,9.621398,800,103.1779,6.759793,1.84581746,-13.28125,23.84277344,37.42402344,
Tue Dec 06 2022,256525,20001.18,0.7031322,0.7020895,0.4871705,0.4998607,0.502831,0.1098,28.2,20,9.621398,800,103.1779,6.908586,1.823531746,-12.79296875,25.00244141,38.09541016,
Tue Dec 06 2022,262654,20002.31,0.7020066,0.701032,0.4849789,0.4995244,0.5020497,0.1118,28.2,20,9.621398,800,103.1779,6.684177,1.804776,-12.54882813,25.234375,38.08320313,
Tue Dec 06 2022,268792,19997.32,0.7010111,0.7025309,0.4870692,0.4991392,0.502543,0.1175,28.2,20,9.621398,800,103.1779,6.62201,1.790408,-11.81640625,26.16210938,38.27851563,
Tue Dec 06 2022,274922,19996.74,0.7012414,0.7019326,0.4848819,0.4979787,0.5024986,0.1122,28.2,20,9.621398,800,103.1779,6.933958,1.769176,-11.57226563,27.32177734,39.19404297,
Tue Dec 06 2022,281060,20001.41,0.6998298,0.6984515,0.4846049,0.4976569,0.5029882,0.1128,28.2,20,9.621398,800,103.1779,6.790536,1.74902381,-10.96191406,28.01757813,39.27949219,
Tue Dec 06 2022,287185,19998.78,0.7017192,0.7017347,0.4887335,0.5016351,0.504223,0.1215,28.1,20,9.621398,800,103.1779,7.145386,1.726983193,-10.59570313,28.71337891,39.60908203,
Tue Dec 06 2022,293325,19998.5,0.7011816,0.7016733,0.4856294,0.4973666,0.5013709,0.1159,28.1,20,9.621398,800,103.1779,7.116157,1.683174603,-9.741210938,29.87304688,39.91425781,
Tue Dec 06 2022,299461,19999.95,0.7026557,0.7027553,0.486643,0.4987754,0.5037926,0.1148,28.1,20,9.621398,800,103.1779,6.726195,1.655015873,-9.130859375,31.26464844,40.69550781,
Tue Dec 06 2022,305605,19997.83,0.7025174,0.7015102,0.4869013,0.5011119,0.5023388,0.1186,28.1,20,9.621398,800,103.1779,6.967368,1.595198413,-8.154296875,33.12011719,41.57441406,
Tue Dec 06 2022,311733,19998.34,0.7024307,0.703036,0.4907147,0.503751,0.5049792,0.1189,28.1,20,9.621398,800,103.1779,7.018341,1.564642857,-7.543945313,34.04785156,41.89179688,
Tue Dec 06 2022,317861,20000.52,0.702213,0.7015176,0.4872935,0.5028275,0.5056495,0.1177,28,20,9.621398,800,103.1779,7.223561,1.516613445,-6.689453125,35.67138672,42.66083984,
Tue Dec 06 2022,323998,20004.31,0.7035025,0.7028945,0.4870495,0.4999976,0.5042852,0.1203,28,20,9.621398,800,103.1779,7.140054,1.451779661,-5.346679688,37.99072266,43.63740234,
Tue Dec 06 2022,330134,19997.87,0.7041865,0.7042854,0.4899415,0.5032693,0.5071821,0.1283,28,20,9.621398,800,103.1779,7.08583,1.394737705,-4.4921875,40.078125,44.8703125,
Tue Dec 06 2022,336260,20002.54,0.7055897,0.7041199,0.4892447,0.5017366,0.506419,0.1207,28,20,9.621398,800,103.1779,6.853294,1.333084746,-3.02734375,41.93359375,45.2609375,
Tue Dec 06 2022,342403,20001.49,0.7054527,0.7049923,0.4911911,0.5031539,0.5056193,0.1236,28,20,9.621398,800,103.1779,7.155183,1.243111111,-1.806640625,44.48486328,46.59150391,
Tue Dec 06 2022,348544,19997.73,0.7062628,0.7061105,0.4909467,0.5025663,0.5041013,0.1312,28,20,9.621398,800,103.1779,7.021159,1.18048,-0.830078125,46.80419922,47.93427734,
Tue Dec 06 2022,354680,20003.46,0.7061627,0.7047807,0.4908441,0.5042708,0.5087001,0.1362,28,20,9.621398,800,103.1779,7.121541,1.08242623,0.87890625,49.81933594,49.24042969,
Tue Dec 06 2022,360805,19998.58,0.7077582,0.7081648,0.491495,0.5045283,0.5081773,0.1374,28,20,9.621398,800,103.1779,7.049687,0.943682927,2.587890625,53.76220703,51.47431641,
Tue Dec 06 2022,366933,20000.79,0.7087523,0.7088024,0.4924381,0.5059618,0.5092073,0.136,27.9,20,9.621398,800,103.1779,7.130031,0.862198413,3.80859375,55.84960938,52.34101563,
Tue Dec 06 2022,373061,19997.74,0.707631,0.7075158,0.4908094,0.5061805,0.5095279,0.1365,27.9,20,9.621398,800,103.1779,7.099657,0.755677419,5.2734375,58.86474609,53.89130859,
Tue Dec 06 2022,379200,19999.73,0.7102053,0.7097962,0.4938024,0.5065351,0.5096752,0.1434,27.9,20,9.621398,800,103.1779,7.471403,0.64,6.982421875,61.41601563,54.73359375,
Tue Dec 06 2022,385330,20001.45,0.7092058,0.7076709,0.4930076,0.5039641,0.5073612,0.1426,27.9,20,9.621398,800,103.1779,7.136341,0.547474576,8.325195313,63.27148438,55.24628906,
Tue Dec 06 2022,391466,20002.56,0.7104003,0.7109833,0.4931644,0.5075887,0.5093313,0.1386,27.9,20,9.621398,800,103.1779,7.011889,0.425365079,9.1796875,65.82275391,56.94306641,
Tue Dec 06 2022,397609,20001.68,0.7095062,0.7082857,0.4951417,0.5071275,0.5111438,0.1427,27.8,20,9.621398,800,103.1779,7.258449,0.329739837,9.912109375,67.67822266,58.06611328,
Tue Dec 06 2022,403745,20000.07,0.7118924,0.7120849,0.4964963,0.5090041,0.5118309,0.15,27.8,20,9.621398,800,103.1779,6.730627,0.223064516,10.52246094,69.30175781,59.07929688,
Tue Dec 06 2022,409878,19999.02,0.7128617,0.7123725,0.4946263,0.508098,0.5104991,0.1528,27.8,20,9.621398,800,103.1779,7.201592,0.127992063,10.40039063,70.69335938,60.59296875,
Tue Dec 06 2022,416012,19996.44,0.7131881,0.7141854,0.4944098,0.5075197,0.5115139,0.1454,27.8,20,9.621398,800,103.1779,7.353929,0.059507937,10.64453125,71.62109375,61.2765625,
Tue Dec 06 2022,422143,19998.34,0.7141582,0.7142685,0.497944,0.5106847,0.512353,0.1561,27.8,20,9.621398,800,103.1779,6.967839,0.00338843,11.01074219,72.08496094,61.37421875,
Tue Dec 06 2022,428266,19997.39,0.7140338,0.7134507,0.4960886,0.50831,0.510597,0.1558,27.8,20,9.621398,800,103.1779,7.284419,0.002243902,11.01074219,72.08496094,61.37421875,
Tue Dec 06 2022,434402,19997.63,0.7128813,0.7126119,0.4937479,0.5077668,0.5124705,0.1494,27.8,20,9.621398,800,103.1779,7.208466,0.00652,11.1328125,72.31689453,61.48408203,
Tue Dec 06 2022,440541,20004.05,0.7116793,0.7107492,0.4949264,0.508019,0.5101337,0.1525,27.8,20,9.621398,800,103.1779,7.045067,0.007531746,11.1328125,72.08496094,61.25214844,
Tue Dec 06 2022,457859,24998.75,0.8953943,0.8951836,0.6207067,0.6382609,0.6423874,0.1316,27.7,20,9.621398,800,103.1779,11.26499,2.421896825,-26.70898438,21.29150391,48.30048828,
Tue Dec 06 2022,463982,25000.66,0.8920755,0.8927611,0.6188337,0.6411124,0.6432093,0.115,27.7,20,9.621398,800,103.1779,11.08337,2.414309524,-26.46484375,21.75537109,48.52021484,
Tue Dec 06 2022,470106,24998.5,0.8924531,0.8928873,0.6184996,0.6379564,0.6408739,0.115,27.7,20,9.621398,800,103.1779,11.31716,2.400395161,-26.46484375,21.29150391,48.05634766,
Tue Dec 06 2022,476245,24997.75,0.8951416,0.8951244,0.6186725,0.6374797,0.6420903,0.0992,27.7,20,9.621398,800,103.1779,11.00353,2.402373016,-26.09863281,21.29150391,47.69013672,
Tue Dec 06 2022,482389,24998.67,0.8951991,0.8952973,0.6222022,0.6392024,0.6392567,0.0998,27.7,20,9.621398,800,103.1779,11.09426,2.40E+00,-26.58691406,21.5234375,48.41035156,
Tue Dec 06 2022,488519,25000.23,0.8959897,0.8958415,0.6224958,0.6388332,0.6405595,0.0911,27.7,20,9.621398,800,103.1779,11.21809,2.401412698,-26.22070313,20.82763672,47.34833984,
Tue Dec 06 2022,494654,24998.08,0.8994756,0.8993227,0.6242976,0.6365351,0.6467003,0.0987,27.7,20,9.621398,800,103.1779,11.31229,2.401910569,-26.46484375,20.82763672,47.59248047,
Tue Dec 06 2022,500778,25002.63,0.8971583,0.896888,0.6246865,0.6382324,0.6465934,0.0909,27.7,20,9.621398,800,103.1779,11.22881,2.384885246,-26.09863281,21.29150391,47.69013672,
Tue Dec 06 2022,506916,25001.88,0.89947,0.8998549,0.621446,0.6389393,0.6451065,0.089,27.7,20,9.621398,800,103.1779,10.85267,2.389696,-25.61035156,21.5234375,47.43378906,
Tue Dec 06 2022,513047,24998.99,0.8994457,0.8994061,0.6249,0.6406195,0.6438003,0.088,27.7,20,9.621398,800,103.1779,10.67675,2.392904762,-25.9765625,21.29150391,47.56806641,
Tue Dec 06 2022,519181,24998.73,0.8978834,0.8973682,0.6263449,0.6408379,0.6431783,0.0935,27.6,20,9.621398,800,103.1779,10.6924,2.387554622,-26.58691406,21.29150391,48.17841797,
Tue Dec 06 2022,525313,25000.08,0.8971027,0.8964955,0.6269829,0.6395813,0.6421158,0.0971,27.7,20,9.621398,800,103.1779,11.27061,2.379221311,-26.22070313,21.29150391,47.81220703,
Tue Dec 06 2022,531451,24999.2,0.897674,0.8975828,0.6225312,0.6381277,0.6459956,0.0961,27.6,20,9.621398,800,103.1779,11.22878,2.382715447,-26.34277344,21.5234375,48.16621094,
Tue Dec 06 2022,537590,24998.36,0.8976162,0.8973536,0.6207553,0.6410989,0.6400887,0.0964,27.6,20,9.621398,800,103.1779,11.40556,2.387253968,-25.9765625,21.29150391,47.56806641,
Tue Dec 06 2022,543732,24998.92,0.8958504,0.895458,0.624912,0.6406937,0.6426293,0.0911,27.6,20,9.621398,800,103.1779,10.95287,2.378338983,-25.85449219,21.5234375,47.67792969,
Tue Dec 06 2022,549861,25000.01,0.89468,0.8940066,0.6226116,0.641184,0.6401463,0.0967,27.6,20,9.621398,800,103.1779,11.1712,2.374825397,-25.73242188,21.98730469,48.01972656,
Tue Dec 06 2022,556002,24998.67,0.8979987,0.8979141,0.6218811,0.6413299,0.6388029,0.0968,27.6,20,9.621398,800,103.1779,11.05143,2.369859504,-25.85449219,21.75537109,47.90986328,
Tue Dec 06 2022,562123,24998.65,0.896588,0.8956568,0.6247159,0.6434224,0.6445152,0.0939,27.6,20,9.621398,800,103.1779,11.31573,2.3755,-25.61035156,21.75537109,47.66572266,
Tue Dec 06 2022,568262,25000.66,0.894401,0.8939083,0.6207708,0.6402783,0.6439369,0.0923,27.6,20,9.621398,800,103.1779,10.67274,2.363912,-25.48828125,21.98730469,47.77558594,
Tue Dec 06 2022,574389,24999.99,0.8991705,0.90027,0.6209161,0.6409122,0.6471212,0.0864,27.6,20,9.621398,800,103.1779,10.80082,2.361319672,-25.36621094,21.98730469,47.65351563,
Tue Dec 06 2022,580526,24999.04,0.8984839,0.8990951,0.6261144,0.6372861,0.6440254,0.091,27.6,20,9.621398,800,103.1779,11.28771,2.356975,-25.24414063,21.98730469,47.53144531,
Tue Dec 06 2022,586657,25001.91,0.8963199,0.8961648,0.621491,0.6376911,0.6412901,0.0917,27.6,20,9.621398,800,103.1779,11.25531,2.351075,-25.12207031,22.45117188,47.87324219,
Tue Dec 06 2022,592780,24998.87,0.8984956,0.8984865,0.6257825,0.6401337,0.6430187,0.0947,27.6,20,9.621398,800,103.1779,11.29064,2.351267717,-25.24414063,22.68310547,48.22724609,
Tue Dec 06 2022,598917,25002.87,0.8964107,0.8959575,0.6258569,0.6377724,0.6414541,0.0869,27.6,20,9.621398,800,103.1779,11.19634,2.34581746,-25,22.68310547,47.98310547,
Tue Dec 06 2022,605056,24994.69,0.8983805,0.8996683,0.6188937,0.6391921,0.6434678,0.0875,27.6,20,9.621398,800,103.1779,10.97109,2.335992,-24.63378906,23.37890625,48.31269531,
Tue Dec 06 2022,611200,24998.64,0.898614,0.898101,0.6251913,0.6391389,0.6441409,0.0878,27.6,20,9.621398,800,103.1779,11.2921,2.3263,-24.63378906,23.37890625,48.31269531,
Tue Dec 06 2022,617325,25000.66,0.897025,0.8963479,0.625012,0.6368363,0.644527,0.0863,27.6,20,9.621398,800,103.1779,11.08244,2.321349206,-24.75585938,23.14697266,48.20283203,
Tue Dec 06 2022,623467,24999.41,0.896341,0.8968093,0.6246099,0.6401595,0.6400931,0.0952,27.6,20,9.621398,800,103.1779,11.30272,2.316716667,-24.63378906,24.07470703,49.00849609,
Tue Dec 06 2022,629601,24998.96,0.8970425,0.8967958,0.6254793,0.6414252,0.6406784,0.0905,27.6,20,9.621398,800,103.1779,11.2327,2.303617886,-24.26757813,23.84277344,48.41035156,
Tue Dec 06 2022,635731,25002.38,0.898008,0.898849,0.6271467,0.6394756,0.6388588,0.0866,27.6,20,9.621398,800,103.1779,11.35667,2.309758333,-24.38964844,24.53857422,49.22822266,
Tue Dec 06 2022,641864,24998.63,0.8994691,0.8995428,0.6275639,0.6410944,0.6419591,0.0908,27.6,20,9.621398,800,103.1779,11.27264,2.301809524,-23.65722656,24.53857422,48.49580078,
Tue Dec 06 2022,647998,24996.75,0.8981518,0.8983716,0.6222567,0.6446062,0.6436991,0.0929,27.6,20,9.621398,800,103.1779,11.1385,2.292512397,-24.14550781,25.234375,49.67988281,
Tue Dec 06 2022,654126,24999.59,0.8977936,0.8974294,0.6223593,0.6397572,0.6434744,0.0868,27.6,20,9.621398,800,103.1779,11.10305,2.282638655,-23.53515625,25.00244141,48.83759766,
Tue Dec 06 2022,660267,24993.32,0.8992523,0.8990538,0.6224278,0.6404222,0.6459301,0.0969,27.6,20,9.621398,800,103.1779,11.28452,2.272825397,-22.92480469,25.93017578,49.15498047,
Tue Dec 06 2022,666402,25000.66,0.8978755,0.8981569,0.6223757,0.6417975,0.6454315,0.0953,27.6,20,9.621398,800,103.1779,11.42061,2.258746032,-22.68066406,26.62597656,49.60664063,
Tue Dec 06 2022,672541,24998.18,0.8977702,0.8979719,0.621944,0.6422596,0.6438438,0.0871,27.6,20,9.621398,800,103.1779,11.25157,2.247888889,-22.80273438,27.08984375,50.19257813,
Tue Dec 06 2022,678672,24996.67,0.9006928,0.9016607,0.6257709,0.64127,0.6471827,0.0977,27.6,20,9.621398,800,103.1779,11.42495,2.228196721,-22.31445313,27.55371094,50.16816406,
Tue Dec 06 2022,684809,24999.31,0.9016443,0.9015837,0.6225803,0.640053,0.6471247,0.0952,27.6,20,9.621398,800,103.1779,11.247,2.204330579,-21.58203125,28.48144531,50.36347656,
Tue Dec 06 2022,690954,24998.54,0.8997558,0.899294,0.6210399,0.6391201,0.6469457,0.0889,27.6,20,9.621398,800,103.1779,11.1483,2.189103175,-20.72753906,29.40917969,50.43671875,
Tue Dec 06 2022,697090,24996.76,0.9011632,0.9009599,0.6241384,0.6393428,0.6487386,0.0905,27.6,20,9.621398,800,103.1779,11.41404,2.168642857,-20.48339844,30.33691406,51.1203125,
Tue Dec 06 2022,703215,25000.64,0.9004107,0.9002286,0.6247882,0.6397632,0.6481382,0.0975,27.6,20,9.621398,800,103.1779,11.59962,2.142936508,-19.87304688,30.80078125,50.97382813,
Tue Dec 06 2022,709346,24999.15,0.9020863,0.9023753,0.6288191,0.6423815,0.6467102,0.0983,27.6,20,9.621398,800,103.1779,10.77612,2.112781513,-19.50683594,32.42431641,52.23115234,
Tue Dec 06 2022,715478,24998.74,0.9018343,0.902542,0.6288046,0.6408931,0.6447422,0.0921,27.6,20,9.621398,800,103.1779,11.33331,2.096888889,-18.89648438,33.12011719,52.31660156,
Tue Dec 06 2022,721620,24997.81,0.8986568,0.8987751,0.6244552,0.6371761,0.6437328,0.0993,27.6,20,9.621398,800,103.1779,11.26369,2.057248,-18.1640625,34.74365234,53.20771484,
Tue Dec 06 2022,727753,25000.66,0.8990331,0.8994058,0.6290231,0.6425412,0.641457,0.0991,27.6,20,9.621398,800,103.1779,11.23657,2.032015873,-17.55371094,35.43945313,53.29316406,
Tue Dec 06 2022,733883,25000.51,0.8986303,0.898446,0.6232206,0.639629,0.6449109,0.1035,27.6,20,9.621398,800,103.1779,11.04406,1.984730159,-16.57714844,37.29492188,54.17207031,
Tue Dec 06 2022,740013,24998.58,0.8974305,0.8979641,0.6244237,0.6417947,0.645162,0.098,27.6,20,9.621398,800,103.1779,10.97961,1.937125,-15.234375,39.38232422,54.91669922,
Tue Dec 06 2022,746139,25000.66,0.8992862,0.8996019,0.6244433,0.6436924,0.645092,0.1044,27.6,20,9.621398,800,103.1779,10.72304,1.888880952,-14.99023438,40.77392578,56.06416016,
Tue Dec 06 2022,752268,24998.98,0.8996636,0.8992201,0.6228365,0.6414185,0.6465864,0.1073,27.6,20,9.621398,800,103.1779,11.23605,1.81665873,-12.54882813,44.02099609,56.86982422,
Tue Dec 06 2022,758408,25000.77,0.9032217,0.9043558,0.6255962,0.642822,0.6470606,0.108,27.6,20,9.621398,800,103.1779,11.56339,1.776984127,-12.18261719,44.94873047,57.43134766,
Tue Dec 06 2022,764545,24998.59,0.9010977,0.9016988,0.6259651,0.6432283,0.6485264,0.1053,27.6,20,9.621398,800,103.1779,11.31017,1.681992063,-9.619140625,49.12353516,59.04267578,
Tue Dec 06 2022,770673,25001.86,0.9035343,0.9019736,0.6233686,0.6437548,0.6458077,0.1001,27.6,20,9.621398,800,103.1779,11.17124,1.63015873,-8.764648438,50.74707031,59.81171875,
Tue Dec 06 2022,776804,25000.04,0.9017785,0.9016957,0.6246961,0.6462148,0.64765,0.1046,27.6,20,9.621398,800,103.1779,11.19779,1.555873016,-7.299804688,53.06640625,60.66621094,
Tue Dec 06 2022,782937,25000.96,0.9073431,0.9076356,0.6314804,0.6475012,0.6525161,0.1132,27.6,20,9.621398,800,103.1779,11.00148,1.474531746,-5.590820313,56.54541016,62.43623047,
Tue Dec 06 2022,789071,25000.69,0.9096237,0.909752,0.6287651,0.6466659,0.6512137,0.1065,27.6,20,9.621398,800,103.1779,11.33808,1.351753968,-4.00390625,60.02441406,64.32832031,
Tue Dec 06 2022,795196,25001.34,0.9065313,0.905956,0.6332953,0.6519984,0.6513664,0.1102,27.6,20,9.621398,800,103.1779,10.94786,1.223152542,-1.928710938,63.96728516,66.19599609,
Tue Dec 06 2022,801325,25001.65,0.9093891,0.9096772,0.6347045,0.6475592,0.6556196,0.1196,27.6,20,9.621398,800,103.1779,10.86629,1.095550847,0.024414063,68.14208984,68.41767578,
Tue Dec 06 2022,807458,25000,0.9099761,0.9102615,0.6311846,0.6477593,0.6555882,0.1253,27.6,20,9.621398,800,103.1779,11.13724,0.969743802,2.465820313,72.08496094,69.91914063,
Tue Dec 06 2022,813598,25000.77,0.9099048,0.910445,0.6327353,0.6479303,0.6545871,0.1178,27.6,20,9.621398,800,103.1779,11.19512,0.867743802,3.686523438,74.40429688,71.01777344,
Tue Dec 06 2022,819739,24998.38,0.9093664,0.9096091,0.6315612,0.6501851,0.6497499,0.1265,27.6,20,9.621398,800,103.1779,11.41398,0.717793651,5.76171875,78.11523438,72.65351563,
Tue Dec 06 2022,825870,25000.66,0.9098959,0.9095827,0.6299083,0.6490152,0.6484273,0.1322,27.6,20,9.621398,800,103.1779,11.39216,0.587685039,7.348632813,80.43457031,73.3859375,
Tue Dec 06 2022,832003,24999.47,0.9062681,0.9067409,0.6316202,0.644448,0.6487384,0.1333,27.6,20,9.621398,800,103.1779,11.26381,0.469480315,8.447265625,82.75390625,74.60664063,
Tue Dec 06 2022,838129,24996.59,0.9077004,0.9078358,0.6333784,0.6445935,0.647269,0.1333,27.6,20,9.621398,800,103.1779,11.20315,0.361491667,9.057617188,84.609375,75.85175781,
Tue Dec 06 2022,844271,24997.35,0.9035482,0.9038999,0.6343109,0.6465799,0.6488979,0.1378,27.6,20,9.621398,800,103.1779,10.87685,0.225743802,9.912109375,87.39257813,77.78046875,
Tue Dec 06 2022,850405,24994.8,0.9087917,0.909543,0.6270021,0.6513386,0.6483415,0.1293,27.6,20,9.621398,800,103.1779,11.19313,0.150608333,11.37695313,88.78417969,77.70722656,
Tue Dec 06 2022,856529,25000.66,0.9076244,0.9067479,0.630344,0.6514394,0.6494915,0.1377,27.6,20,9.621398,800,103.1779,11.44227,0.067388889,11.37695313,89.94384766,78.86689453,
Tue Dec 06 2022,862660,24998.51,0.9100908,0.9104948,0.6311021,0.6502496,0.6492172,0.1432,27.6,20,9.621398,800,103.1779,11.51432,0.013375,11.1328125,90.63964844,79.80683594,
Tue Dec 06 2022,868796,24997.29,0.9144646,0.9150583,0.6352395,0.6537558,0.6531387,0.1451,27.6,20,9.621398,800,103.1779,11.25668,0.002,11.1328125,90.87158203,80.03876953,
Tue Dec 06 2022,874934,24997.79,0.9092157,0.907701,0.6358054,0.6489718,0.6503624,0.1443,27.6,20,9.621398,800,103.1779,11.10977,0.009047619,11.25488281,90.87158203,79.91669922,
Tue Dec 06 2022,881063,25001.86,0.9076908,0.9074948,0.6362743,0.6462365,0.6543223,0.1454,27.6,20,9.621398,800,103.1779,10.87012,-0.000272,11.25488281,90.87158203,79.91669922,
Tue Dec 06 2022,898380,29997.05,1.160241,1.161399,0.8064899,0.8270194,0.8277851,0.1107,27.6,20,9.621398,800,103.1779,17.62536,2.693496,-33.91113281,23.61083984,57.82197266,
Tue Dec 06 2022,904515,30000.03,1.157287,1.156802,0.8062328,0.8230036,0.8286765,0.0914,27.6,20,9.621398,800,103.1779,17.57904,2.686484127,-33.7890625,23.37890625,57.46796875,
Tue Dec 06 2022,910644,30008.16,1.145494,1.145792,0.7988698,0.8183199,0.8243486,0.0924,27.6,20,9.621398,800,103.1779,17.11949,2.700113821,-33.91113281,23.37890625,57.59003906,
Tue Dec 06 2022,916784,29995.74,1.142276,1.143503,0.7981014,0.8160239,0.8176513,0.0898,27.6,20,9.621398,800,103.1779,17.30984,2.682152,-33.91113281,23.61083984,57.82197266,
Tue Dec 06 2022,922910,29999.76,1.13854,1.139169,0.7916464,0.808203,0.8139753,0.0801,27.6,20,9.621398,800,103.1779,16.97112,2.692357143,-33.91113281,23.61083984,57.82197266,
Tue Dec 06 2022,929045,30003.84,1.133715,1.13412,0.7864402,0.8058938,0.81273,0.0783,27.6,20,9.621398,800,103.1779,17.23427,2.691655462,-34.52148438,23.37890625,58.20039063,
Tue Dec 06 2022,935170,29997.67,1.133901,1.133266,0.7866994,0.8070826,0.8121974,0.0721,27.6,20,9.621398,800,103.1779,17.60392,2.696865546,-34.03320313,23.61083984,57.94404297,
Tue Dec 06 2022,941295,29994.14,1.132733,1.13217,0.7900967,0.8047276,0.8085216,0.0798,27.7,20,9.621398,800,103.1779,17.25892,2.696833333,-33.05664063,23.84277344,57.19941406,
Tue Dec 06 2022,947428,29998.89,1.126958,1.12681,0.7884734,0.8025919,0.8093955,0.0757,27.7,20,9.621398,800,103.1779,16.9176,2.690488,-33.66699219,23.61083984,57.57783203,
Tue Dec 06 2022,953562,29997.99,1.11981,1.12118,0.7797773,0.7957879,0.8024385,0.0782,27.7,20,9.621398,800,103.1779,16.71718,2.684650407,-33.7890625,23.84277344,57.93183594,
Tue Dec 06 2022,959691,29998.86,1.118959,1.119166,0.7796521,0.7977054,0.8008882,0.0805,27.7,20,9.621398,800,103.1779,16.48506,2.692071429,-34.39941406,23.61083984,58.31025391,
Tue Dec 06 2022,965829,30002.98,1.119339,1.1197,0.778379,0.7937481,0.8023458,0.0788,27.7,20,9.621398,800,103.1779,16.64583,2.692674603,-34.27734375,24.30664063,58.88398438,
Tue Dec 06 2022,971968,29995.02,1.118676,1.120615,0.7762423,0.7948971,0.8023342,0.0723,27.7,20,9.621398,800,103.1779,16.53018,2.682420635,-34.64355469,23.84277344,58.78632813,
Tue Dec 06 2022,978097,29994.85,1.119555,1.119131,0.7735958,0.7983733,0.7990156,0.0818,27.7,20,9.621398,800,103.1779,16.59587,2.685163934,-34.27734375,23.84277344,58.42011719,
Tue Dec 06 2022,984222,29993.79,1.123127,1.124265,0.7759374,0.797649,0.800506,0.0736,27.7,20,9.621398,800,103.1779,16.68654,2.679186441,-33.17871094,24.53857422,58.01728516,
Tue Dec 06 2022,990361,29994.86,1.123458,1.123676,0.7780251,0.7967734,0.805556,0.08,27.7,20,9.621398,800,103.1779,16.89318,2.6796,-33.66699219,23.84277344,57.80976563,
Tue Dec 06 2022,996504,29997.01,1.116884,1.118258,0.7782652,0.7993979,0.8017141,0.0816,27.7,20,9.621398,800,103.1779,17.06654,2.678936508,-33.66699219,24.30664063,58.27363281,
Tue Dec 06 2022,1002628,30000.75,1.116902,1.116917,0.7795496,0.8006105,0.8081347,0.0811,27.7,20,9.621398,800,103.1779,16.8926,2.671873016,-33.66699219,24.77050781,58.7375,
Tue Dec 06 2022,1008754,29995.02,1.119823,1.120877,0.7814413,0.7975161,0.798501,0.0776,27.8,20,9.621398,800,103.1779,17.02446,2.666467742,-33.66699219,24.77050781,58.7375,
Tue Dec 06 2022,1014891,30003.07,1.117828,1.117432,0.7786131,0.7996972,0.7985938,0.0759,27.8,20,9.621398,800,103.1779,16.64744,2.665746032,-33.30078125,24.77050781,58.37128906,
Tue Dec 06 2022,1021031,30002.98,1.115447,1.11538,0.7786574,0.7970262,0.8013375,0.0732,27.8,20,9.621398,800,103.1779,16.82899,2.663155738,-33.30078125,24.77050781,58.37128906,
Tue Dec 06 2022,1027158,29998.18,1.114619,1.111829,0.7750196,0.7971148,0.8024589,0.0785,27.8,20,9.621398,800,103.1779,17.1242,2.652396825,-33.42285156,25.234375,58.95722656,
Tue Dec 06 2022,1033296,29998.96,1.117598,1.117343,0.7760317,0.796387,0.7992377,0.0843,27.8,20,9.621398,800,103.1779,17.12025,2.656007937,-33.66699219,25.234375,59.20136719,
Tue Dec 06 2022,1039428,29998.1,1.117582,1.117559,0.7753275,0.7958565,0.8031297,0.0846,27.8,20,9.621398,800,103.1779,16.90561,2.648571429,-32.69042969,25.69824219,58.68867188,
Tue Dec 06 2022,1045566,30001.53,1.112713,1.114587,0.7716759,0.7972983,0.8002135,0.0813,27.8,20,9.621398,800,103.1779,16.62822,2.6457,-32.8125,25.69824219,58.81074219,
Tue Dec 06 2022,1051702,30002.93,1.113328,1.1122,0.7765501,0.7946222,0.7989017,0.0737,27.8,20,9.621398,800,103.1779,16.46418,2.640169355,-32.93457031,26.16210938,59.39667969,
Tue Dec 06 2022,1057841,30003.27,1.114058,1.113014,0.7711039,0.7946818,0.7970405,0.0847,27.8,20,9.621398,800,103.1779,16.44194,2.628103175,-32.44628906,26.16210938,58.90839844,
Tue Dec 06 2022,1063981,29998.21,1.114749,1.114087,0.7783977,0.7970918,0.8012784,0.0826,27.8,20,9.621398,800,103.1779,16.80045,2.614373016,-32.69042969,27.08984375,60.08027344,
Tue Dec 06 2022,1070114,30000.01,1.112702,1.111811,0.7768964,0.7941908,0.7993976,0.0744,27.8,20,9.621398,800,103.1779,16.9278,2.61797619,-32.20214844,27.32177734,59.82392578,
Tue Dec 06 2022,1076249,29994.73,1.113863,1.114765,0.7749836,0.7908026,0.7990736,0.0763,27.9,20,9.621398,800,103.1779,17.30025,2.607904,-31.59179688,27.55371094,59.44550781,
Tue Dec 06 2022,1082378,29998.84,1.112629,1.112395,0.7733139,0.7942646,0.797585,0.0821,27.9,20,9.621398,800,103.1779,17.07786,2.586172131,-31.46972656,28.24951172,60.01923828,
Tue Dec 06 2022,1088520,29995.26,1.114167,1.115957,0.7748218,0.7902501,0.7967677,0.0752,27.9,20,9.621398,800,103.1779,16.78346,2.586063492,-31.46972656,28.71337891,60.48310547,
Tue Dec 06 2022,1094654,30000.57,1.114462,1.115346,0.7723674,0.7959629,0.8009108,0.0775,27.9,20,9.621398,800,103.1779,16.55913,2.574984127,-30.859375,28.48144531,59.64082031,
Tue Dec 06 2022,1100794,30001.57,1.113292,1.113239,0.7794678,0.7963537,0.7980509,0.0836,27.9,20,9.621398,800,103.1779,16.77662,2.563991597,-30.73730469,29.40917969,60.44648438,
Tue Dec 06 2022,1106928,29996.37,1.115967,1.116436,0.7768397,0.7986223,0.8001527,0.0874,27.9,20,9.621398,800,103.1779,16.85275,2.536747899,-30.00488281,29.87304688,60.17792969,
Tue Dec 06 2022,1113065,29997,1.112952,1.112877,0.7765049,0.797879,0.8001557,0.0777,27.9,20,9.621398,800,103.1779,16.64751,2.523064516,-29.76074219,30.80078125,60.86152344,
Tue Dec 06 2022,1119201,30000.3,1.115258,1.11499,0.7766665,0.7875276,0.7982095,0.084,28,20,9.621398,800,103.1779,16.98219,2.51623622,-28.90625,31.49658203,60.70283203,
Tue Dec 06 2022,1125335,29999.97,1.113494,1.114282,0.7768281,0.7906645,0.799597,0.081,28,20,9.621398,800,103.1779,17.0798,2.486070866,-28.41796875,32.65625,61.37421875,
Tue Dec 06 2022,1131475,29995.03,1.111432,1.109332,0.7756994,0.79283,0.7953178,0.0891,28,20,9.621398,800,103.1779,17.13889,2.465768595,-27.44140625,32.88818359,60.62958984,
Tue Dec 06 2022,1137608,30005.04,1.111081,1.110779,0.7735685,0.791625,0.7976984,0.0855,28,20,9.621398,800,103.1779,17.13528,2.433854839,-27.07519531,33.81591797,61.19111328,
Tue Dec 06 2022,1143742,29994.78,1.114592,1.114332,0.7730399,0.7953027,0.7981033,0.0844,28,20,9.621398,800,103.1779,16.54313,2.417333333,-26.953125,35.43945313,62.69257813,
Tue Dec 06 2022,1149876,30001.97,1.113292,1.112995,0.7757297,0.7962925,0.7978091,0.0936,28,20,9.621398,800,103.1779,16.72052,2.366269841,-25.24414063,37.06298828,62.60712891,
Tue Dec 06 2022,1155999,30001.12,1.114193,1.115405,0.7751769,0.7958687,0.8014306,0.0893,28,20,9.621398,800,103.1779,16.91663,2.329358333,-24.63378906,38.45458984,63.38837891,
Tue Dec 06 2022,1162139,29999.29,1.111379,1.110537,0.7744712,0.7941996,0.7969161,0.0872,28,20,9.621398,800,103.1779,16.83286,2.304268293,-24.0234375,39.61425781,63.93769531,
Tue Dec 06 2022,1168264,29996.76,1.115988,1.114432,0.7763915,0.7911845,0.8011839,0.0843,28,20,9.621398,800,103.1779,16.95379,2.250460317,-22.55859375,41.23779297,64.09638672,
Tue Dec 06 2022,1174403,29998.23,1.116357,1.115667,0.7741596,0.7936453,0.7950569,0.0954,28.1,20,9.621398,800,103.1779,16.92665,2.2055,-21.45996094,43.09326172,64.85322266,
Tue Dec 06 2022,1180542,29999.81,1.113769,1.114254,0.7763232,0.7932276,0.7990041,0.0965,28.1,20,9.621398,800,103.1779,16.60699,2.145738095,-19.99511719,45.41259766,65.70771484,
Tue Dec 06 2022,1186671,29995.09,1.112736,1.113659,0.7731472,0.7934021,0.7959042,0.0987,28.1,20,9.621398,800,103.1779,16.69033,2.075581967,-18.53027344,48.89160156,67.721875,
Tue Dec 06 2022,1192797,30000.96,1.112562,1.11245,0.7747227,0.7931635,0.7966834,0.0967,28.1,20,9.621398,800,103.1779,16.3611,2.016111111,-16.69921875,50.74707031,67.74628906,
Tue Dec 06 2022,1198934,30004.96,1.10949,1.109555,0.7737177,0.7943884,0.7972717,0.0959,28.1,20,9.621398,800,103.1779,16.86453,1.953878049,-15.84472656,52.83447266,68.97919922,
Tue Dec 06 2022,1205069,30001.07,1.110564,1.112027,0.7752795,0.7979925,0.8018621,0.1046,28.1,20,9.621398,800,103.1779,16.93915,1.840284553,-13.52539063,56.77734375,70.60273438,
Tue Dec 06 2022,1211205,29997.9,1.112863,1.113808,0.7747654,0.7942736,0.7951484,0.1002,28.1,20,9.621398,800,103.1779,16.80494,1.794920635,-12.18261719,58.86474609,71.34736328,
Tue Dec 06 2022,1217349,29999.94,1.113953,1.113376,0.771824,0.7952981,0.7986206,0.1086,28.1,20,9.621398,800,103.1779,17.03397,1.714198413,-10.71777344,61.41601563,72.43378906,
Tue Dec 06 2022,1223483,29997.46,1.111507,1.113036,0.7715854,0.7939587,0.7969595,0.1015,28.1,20,9.621398,800,103.1779,17.00695,1.600762295,-8.276367188,66.0546875,74.63105469,
Tue Dec 06 2022,1229614,30002.98,1.110892,1.109783,0.7787463,0.7955201,0.8015333,0.1143,28.1,20,9.621398,800,103.1779,17.08633,1.471380165,-5.46875,70.69335938,76.46210938,
Tue Dec 06 2022,1235756,30000.45,1.106887,1.106573,0.7700015,0.789282,0.7976954,0.1155,28.2,20,9.621398,800,103.1779,16.88762,1.371927419,-4.248046875,73.94042969,78.48847656,
Tue Dec 06 2022,1241890,30001.02,1.106688,1.106927,0.7714728,0.7868559,0.7920363,0.1117,28.1,20,9.621398,800,103.1779,16.16246,1.196539683,-1.07421875,79.04296875,80.4171875,
Tue Dec 06 2022,1248021,29997.33,1.104316,1.104042,0.7665005,0.7859412,0.790053,0.1157,28.2,20,9.621398,800,103.1779,15.91676,1.056460317,1.000976563,82.75390625,82.05292969,
Tue Dec 06 2022,1254149,29999.66,1.103743,1.1047,0.7645048,0.7847188,0.7886974,0.1254,28.2,20,9.621398,800,103.1779,16.7426,0.95177686,2.465820313,85.30517578,83.13935547,
Tue Dec 06 2022,1260288,29999.81,1.100035,1.09973,0.7691166,0.7856144,0.7876313,0.1303,28.2,20,9.621398,800,103.1779,16.8694,0.760378151,5.151367188,89.47998047,84.62861328,
Tue Dec 06 2022,1266420,29999,1.100158,1.1012,0.7629669,0.783576,0.7870378,0.132,28.2,20,9.621398,800,103.1779,16.85096,0.660368,6.860351563,91.79931641,85.23896484,
Tue Dec 06 2022,1272547,29996.94,1.096906,1.09785,0.7605607,0.7798788,0.7749089,0.1294,28.2,20,9.621398,800,103.1779,16.16057,0.515166667,7.348632813,94.11865234,87.07001953,
Tue Dec 06 2022,1278676,29997.89,1.095771,1.095725,0.757963,0.7807989,0.7845163,0.1383,28.2,20,9.621398,800,103.1779,16.22328,0.355150794,9.423828125,96.66992188,87.54609375,
Tue Dec 06 2022,1284802,29996.37,1.094686,1.094323,0.7591299,0.7757502,0.7862872,0.1408,28.2,20,9.621398,800,103.1779,16.14309,0.246926829,9.912109375,98.75732422,89.14521484,
Tue Dec 06 2022,1290936,29994.93,1.094707,1.095056,0.7606575,0.7736827,0.7812099,0.1418,28.2,20,9.621398,800,103.1779,16.49112,0.164131148,10.76660156,100.3808594,89.91425781,
Tue Dec 06 2022,1297065,29996.9,1.091761,1.094286,0.7592171,0.7775411,0.785337,0.1455,28.2,20,9.621398,800,103.1779,16.59372,0.074412698,10.76660156,101.5405273,91.07392578,
Tue Dec 06 2022,1303207,30001.12,1.095371,1.09454,0.7589953,0.7754837,0.7805076,0.1471,28.2,20,9.621398,800,103.1779,16.58144,0.003241071,10.76660156,102.2363281,91.76972656,
Tue Dec 06 2022,1309335,29998.86,1.094128,1.093104,0.7617697,0.7839701,0.7868834,0.1424,28.2,20,9.621398,800,103.1779,16.58183,-0.000663866,11.1328125,102.4682617,91.63544922,
Tue Dec 06 2022,1315469,29998.57,1.097588,1.09732,0.7638722,0.786113,0.7849093,0.1406,28.2,20,9.621398,800,103.1779,16.82433,0.006119048,11.25488281,102.0043945,91.04951172,
Tue Dec 06 2022,1321599,30000.1,1.096295,1.096355,0.7617247,0.7807055,0.7960192,0.1494,28.2,20,9.621398,800,103.1779,16.30205,0.003233333,11.01074219,102.4682617,91.75751953,
Tue Dec 06 2022,1338912,35000.47,1.348683,1.348226,0.9481502,0.9677222,0.9766952,0.1111,28.2,20,9.621398,800,103.1779,24.41393,2.953058333,-41.84570313,25.46630859,67.61201172,
Tue Dec 06 2022,1345044,35002.75,1.346541,1.345606,0.938453,0.9612703,0.9631124,0.095,28.2,20,9.621398,800,103.1779,24.99625,2.957260163,-41.96777344,25.46630859,67.73408203,
Tue Dec 06 2022,1351179,34998.34,1.340606,1.340711,0.9294798,0.957198,0.959002,0.0849,28.2,20,9.621398,800,103.1779,24.21794,2.953685039,-41.35742188,25.46630859,67.12373047,
Tue Dec 06 2022,1357301,34998.34,1.32861,1.328561,0.9302619,0.9495381,0.9553223,0.0884,28.3,20,9.621398,800,103.1779,23.25256,2.949531746,-41.72363281,25.234375,67.25800781,
Tue Dec 06 2022,1363438,34998.34,1.32595,1.326152,0.9261726,0.9438058,0.9486837,0.0843,28.2,20,9.621398,800,103.1779,23.41675,2.94596063,-41.35742188,25.234375,66.89179688,
Tue Dec 06 2022,1369571,35000.96,1.3223,1.322177,0.9193462,0.949553,0.9493347,0.0811,28.3,20,9.621398,800,103.1779,23.7002,2.945626984,-41.23535156,25.234375,66.76972656,
Tue Dec 06 2022,1375705,34998.33,1.318047,1.318541,0.921697,0.9429254,0.9588106,0.0751,28.3,20,9.621398,800,103.1779,23.64587,2.949917355,-41.96777344,25.234375,67.50214844,
Tue Dec 06 2022,1381835,34997.25,1.316825,1.31714,0.9117692,0.939239,0.948372,0.0713,28.3,20,9.621398,800,103.1779,23.85665,2.942063492,-41.35742188,25.234375,66.89179688,
Tue Dec 06 2022,1387973,34998.3,1.313797,1.31422,0.9141901,0.9375787,0.9451314,0.0722,28.3,20,9.621398,800,103.1779,23.77762,2.939587302,-41.72363281,25.46630859,67.48994141,
Tue Dec 06 2022,1394109,34990.38,1.314495,1.31562,0.915573,0.9416035,0.9441448,0.0688,28.3,20,9.621398,800,103.1779,23.77711,2.939380952,-41.47949219,25.69824219,67.47773438,
Tue Dec 06 2022,1400245,35002.38,1.307872,1.307037,0.9160247,0.9347899,0.9488951,0.0619,28.3,20,9.621398,800,103.1779,23.58335,2.941595238,-40.38085938,25.93017578,66.61103516,
Tue Dec 06 2022,1406377,35005.47,1.304374,1.30199,0.9116293,0.932881,0.9363958,0.0658,28.3,20,9.621398,800,103.1779,23.4968,2.920873016,-40.13671875,25.93017578,66.36689453,
Tue Dec 06 2022,1412514,34998.39,1.305191,1.304574,0.9053356,0.9321024,0.9374843,0.0632,28.4,20,9.621398,800,103.1779,23.80408,2.926158333,-40.625,25.69824219,66.62324219,
Tue Dec 06 2022,1418645,35004.15,1.303044,1.30313,0.9085164,0.9274257,0.931558,0.0642,28.4,20,9.621398,800,103.1779,22.93724,2.921080645,-40.13671875,26.39404297,66.83076172,
Tue Dec 06 2022,1424773,34992.29,1.302279,1.303146,0.9028131,0.9264836,0.9292705,0.0639,28.4,20,9.621398,800,103.1779,23.24702,2.91510084,-41.11328125,25.46630859,66.87958984,
Tue Dec 06 2022,1430899,34998.22,1.300705,1.299838,0.9034744,0.9255453,0.9302296,0.0627,28.4,20,9.621398,800,103.1779,23.23416,2.91079661,-40.13671875,26.16210938,66.59882813,
Tue Dec 06 2022,1437036,34990.21,1.303011,1.303478,0.8997988,0.9255314,0.9288449,0.0543,28.4,20,9.621398,800,103.1779,23.30353,2.906309524,-40.25878906,26.16210938,66.72089844,
Tue Dec 06 2022,1443162,34996.48,1.299813,1.300484,0.9085629,0.9285993,0.9332383,0.0604,28.4,20,9.621398,800,103.1779,23.43733,2.897959016,-40.25878906,26.39404297,66.95283203,
Tue Dec 06 2022,1449299,35008.53,1.297964,1.295819,0.9084227,0.9268337,0.936048,0.0625,28.5,20,9.621398,800,103.1779,23.40963,2.899565574,-40.13671875,26.16210938,66.59882813,
Tue Dec 06 2022,1455432,35002.32,1.297241,1.297049,0.9039557,0.9271207,0.9303038,0.0576,28.5,20,9.621398,800,103.1779,22.97915,2.889471074,-39.52636719,26.39404297,66.22041016,
Tue Dec 06 2022,1461565,34998.33,1.299182,1.297888,0.9031993,0.9323362,0.9287902,0.0523,28.5,20,9.621398,800,103.1779,23.30581,2.882960317,-39.6484375,27.32177734,67.27021484,
Tue Dec 06 2022,1467699,35000.98,1.297297,1.297308,0.9028503,0.9278862,0.9309395,0.0594,28.5,20,9.621398,800,103.1779,23.50634,2.886063492,-38.91601563,27.08984375,66.30585938,
Tue Dec 06 2022,1473836,34998.11,1.297953,1.297881,0.9100395,0.930738,0.928201,0.0549,28.5,20,9.621398,800,103.1779,23.43957,2.866633333,-39.28222656,27.55371094,67.1359375,
Tue Dec 06 2022,1479972,34998.31,1.302221,1.300998,0.9012256,0.9257103,0.9316927,0.0498,28.5,20,9.621398,800,103.1779,23.26815,2.864716667,-39.52636719,27.55371094,67.38007813,
Tue Dec 06 2022,1486113,34994.25,1.309956,1.306271,0.9151234,0.9353124,0.9386318,0.0587,28.5,20,9.621398,800,103.1779,23.39874,2.852206349,-38.54980469,28.01757813,66.86738281,
Tue Dec 06 2022,1492236,35002.32,1.300791,1.300076,0.9020913,0.9298481,0.9319038,0.0529,28.6,20,9.621398,800,103.1779,23.21659,2.840821138,-38.18359375,28.01757813,66.50117188,
Tue Dec 06 2022,1498365,35002.37,1.29392,1.293874,0.8989792,0.9187756,0.9287053,0.0637,28.6,20,9.621398,800,103.1779,23.10762,2.834912698,-37.93945313,28.71337891,66.95283203,
Tue Dec 06 2022,1504503,35000.04,1.292163,1.291806,0.899098,0.9239855,0.93051,0.0589,28.6,20,9.621398,800,103.1779,23.55103,2.828246032,-38.30566406,28.71337891,67.31904297,
Tue Dec 06 2022,1510633,35001.88,1.294973,1.294537,0.8981268,0.9240637,0.9324175,0.0651,28.6,20,9.621398,800,103.1779,23.85967,2.817198347,-37.93945313,28.9453125,67.18476563,
Tue Dec 06 2022,1516770,34995.21,1.291888,1.292376,0.8986747,0.922529,0.9313319,0.0631,28.6,20,9.621398,800,103.1779,23.15172,2.809155738,-37.32910156,29.87304688,67.50214844,
Tue Dec 06 2022,1522899,35000.96,1.290997,1.291389,0.9014301,0.9201287,0.9290307,0.0699,28.6,20,9.621398,800,103.1779,23.01289,2.796754237,-36.59667969,29.17724609,66.07392578,
Tue Dec 06 2022,1529031,34998.33,1.294885,1.294887,0.903383,0.9199665,0.9264506,0.0677,28.6,20,9.621398,800,103.1779,22.93549,2.78444,-36.84082031,30.33691406,67.47773438,
Tue Dec 06 2022,1535158,34996.7,1.291717,1.291803,0.8946583,0.9167873,0.9274821,0.0682,28.7,20,9.621398,800,103.1779,23.48722,2.75802381,-36.23046875,31.03271484,67.56318359,
Tue Dec 06 2022,1541287,35002.32,1.286108,1.285567,0.8948122,0.9188527,0.9196211,0.0606,28.7,20,9.621398,800,103.1779,22.95819,2.761626984,-35.86425781,31.49658203,67.66083984,
Tue Dec 06 2022,1547415,34997.76,1.283971,1.284305,0.8958948,0.9179574,0.9253951,0.0701,28.7,20,9.621398,800,103.1779,22.26817,2.711705882,-35.13183594,32.42431641,67.85615234,
Tue Dec 06 2022,1553548,35000.31,1.281893,1.282041,0.8961073,0.9219096,0.9268583,0.0622,28.7,20,9.621398,800,103.1779,23.03031,2.714491667,-34.765625,33.12011719,68.18574219,
Tue Dec 06 2022,1559677,35003.89,1.280796,1.279961,0.8895103,0.9160856,0.9242417,0.0614,28.7,20,9.621398,800,103.1779,22.64193,2.685232,-34.03320313,34.04785156,68.38105469,
Tue Dec 06 2022,1565813,34998.78,1.287703,1.289,0.8963495,0.9201997,0.9203879,0.0582,28.7,20,9.621398,800,103.1779,23.15378,2.665564516,-33.66699219,34.97558594,68.94257813,
Tue Dec 06 2022,1571957,35002.32,1.283782,1.282449,0.8989801,0.9137099,0.9218205,0.0644,28.7,20,9.621398,800,103.1779,23.43085,2.638208,-32.8125,36.3671875,69.4796875,
Tue Dec 06 2022,1578096,34997.42,1.2816,1.281651,0.8927129,0.9175201,0.9236125,0.0695,28.7,20,9.621398,800,103.1779,23.02057,2.610690476,-31.71386719,37.52685547,69.54072266,
Tue Dec 06 2022,1584227,34994.35,1.285619,1.285864,0.894719,0.9096699,0.9195759,0.0718,28.8,20,9.621398,800,103.1779,23.08247,2.607211864,-31.8359375,38.68652344,70.82246094,
Tue Dec 06 2022,1590363,35000.88,1.282192,1.281871,0.8876999,0.9168984,0.9209443,0.0656,28.8,20,9.621398,800,103.1779,22.61856,2.53994958,-30.61523438,40.77392578,71.68916016,
Tue Dec 06 2022,1596501,35000.93,1.286428,1.285927,0.8930861,0.9132933,0.9221173,0.0725,28.8,20,9.621398,800,103.1779,23.10604,2.489730159,-29.63867188,42.62939453,72.56806641,
Tue Dec 06 2022,1602632,34998.33,1.282672,1.283425,0.8914423,0.9114317,0.9155782,0.0753,28.8,20,9.621398,800,103.1779,22.91108,2.473650407,-27.9296875,44.02099609,72.25068359,
Tue Dec 06 2022,1608773,34998.02,1.281819,1.282183,0.8918133,0.9140516,0.9210232,0.0753,28.8,20,9.621398,800,103.1779,23.38097,2.430346774,-26.83105469,45.87646484,73.00751953,
Tue Dec 06 2022,1614904,35005.34,1.281362,1.281222,0.8945319,0.9147825,0.925056,0.0755,28.8,20,9.621398,800,103.1779,22.97829,2.379725,-25.85449219,48.42773438,74.58222656,
Tue Dec 06 2022,1621038,34990.37,1.286544,1.287248,0.9004161,0.919037,0.9248853,0.0712,28.8,20,9.621398,800,103.1779,22.75437,2.307866142,-23.90136719,50.74707031,74.9484375,
Tue Dec 06 2022,1627173,35002.1,1.284111,1.283745,0.8879106,0.9176285,0.9203504,0.0719,28.8,20,9.621398,800,103.1779,22.78727,2.216741667,-21.82617188,53.99414063,76.1203125,
Tue Dec 06 2022,1633305,35000.87,1.283728,1.284305,0.8947048,0.9115416,0.9199771,0.0798,28.9,20,9.621398,800,103.1779,22.83975,2.148563492,-20.84960938,56.54541016,77.69501953,
Tue Dec 06 2022,1639437,35001.38,1.281781,1.280868,0.8923085,0.9185565,0.9207268,0.0855,28.9,20,9.621398,800,103.1779,23.42207,2.078904762,-18.65234375,59.09667969,78.04902344,
Tue Dec 06 2022,1645569,35001.68,1.285027,1.285233,0.8894145,0.9111532,0.9195444,0.0872,28.9,20,9.621398,800,103.1779,23.33408,1.998624,-16.33300781,62.11181641,78.74482422,
Tue Dec 06 2022,1651712,34999.74,1.283378,1.283684,0.8982639,0.9154734,0.9207118,0.0864,28.9,20,9.621398,800,103.1779,23.2771,1.906984127,-14.13574219,65.59082031,80.0265625,
Tue Dec 06 2022,1657837,35004.33,1.279805,1.277995,0.8855372,0.9124315,0.9126177,0.0924,28.9,20,9.621398,800,103.1779,23.10713,1.780058824,-12.06054688,69.53369141,81.89423828,
Tue Dec 06 2022,1663974,34995.45,1.277892,1.277275,0.8861284,0.9042231,0.9157942,0.0951,28.9,20,9.621398,800,103.1779,22.94208,1.686108333,-9.985351563,72.54882813,82.83417969,
Tue Dec 06 2022,1670116,34997.21,1.277187,1.277465,0.8879598,0.9030798,0.9133317,0.0973,28.9,20,9.621398,800,103.1779,23.04369,1.570745902,-7.91015625,76.49169922,84.70185547,
Tue Dec 06 2022,1676258,34998.38,1.276134,1.276272,0.8841693,0.9066368,0.909032,0.0998,28.9,20,9.621398,800,103.1779,22.918,1.431354839,-4.4921875,80.43457031,85.22675781,
Tue Dec 06 2022,1682389,34998.34,1.266865,1.2666,0.882708,0.9062838,0.9076889,0.1066,28.9,20,9.621398,800,103.1779,22.59504,1.219571429,-1.684570313,85.53710938,87.52167969,
Tue Dec 06 2022,1688529,35000.33,1.265493,1.265522,0.874999,0.8997257,0.9038301,0.11,28.9,20,9.621398,800,103.1779,22.33963,1.1055,0.268554688,88.08837891,88.11982422,
Tue Dec 06 2022,1694665,35001.94,1.259536,1.259827,0.8811935,0.9010506,0.9088608,0.1077,29,20,9.621398,800,103.1779,22.52541,0.960310924,2.34375,91.10351563,89.05976563,
Tue Dec 06 2022,1700788,35006.42,1.254352,1.253493,0.8818672,0.8953315,0.9032962,0.1109,29,20,9.621398,800,103.1779,22.82812,0.805058333,5.029296875,95.04638672,90.31708984,
Tue Dec 06 2022,1706925,35000.96,1.259721,1.259454,0.8755713,0.8986501,0.9045928,0.1235,29,20,9.621398,800,103.1779,22.74511,0.664666667,5.883789063,97.13378906,91.55,
Tue Dec 06 2022,1713062,35002.59,1.257894,1.257075,0.865786,0.8928825,0.9027172,0.1218,29,20,9.621398,800,103.1779,22.92157,0.507088,8.447265625,100.8447266,92.69746094,
Tue Dec 06 2022,1719190,35006.3,1.257012,1.256126,0.8797286,0.8978655,0.9048945,0.1222,29,20,9.621398,800,103.1779,22.04027,0.384503937,9.423828125,102.7001953,93.57636719,
Tue Dec 06 2022,1725318,34996.48,1.259004,1.257531,0.8736466,0.8982366,0.9036339,0.1309,29,20,9.621398,800,103.1779,22.06336,0.293875,10.03417969,104.0917969,94.35761719,
Tue Dec 06 2022,1731447,34998.67,1.258364,1.258298,0.8788789,0.8989438,0.9031085,0.127,29,20,9.621398,800,103.1779,22.54978,0.180008264,9.66796875,105.715332,96.34736328,
Tue Dec 06 2022,1737583,34994.36,1.258516,1.258758,0.8711256,0.8943591,0.9021041,0.1218,29,20,9.621398,800,103.1779,22.83932,0.080338843,10.76660156,107.5708008,97.10419922,
Tue Dec 06 2022,1743708,34998.62,1.258012,1.258235,0.8746439,0.8963275,0.9034654,0.1349,29,20,9.621398,800,103.1779,22.41391,0.008216,11.74316406,108.4985352,97.05537109,
Tue Dec 06 2022,1749844,35000.99,1.260441,1.262114,0.8793165,0.8974985,0.9054139,0.1332,29,20,9.621398,800,103.1779,22.2175,0.004696,10.88867188,108.034668,97.44599609,
Tue Dec 06 2022,1755974,34999.85,1.257201,1.255685,0.8745707,0.896102,0.9012244,0.1351,29,20,9.621398,800,103.1779,22.52581,0.003858333,10.88867188,108.7304688,98.14179688,
Tue Dec 06 2022,1762110,34995.77,1.260381,1.261639,0.874975,0.8967434,0.903018,0.1372,29,20,9.621398,800,103.1779,22.5276,0.010166667,11.49902344,108.2666016,97.06757813,